id,source,pexels_id,width,height,photographer,description,image_url,local_path,file_exists,resized,brightness,saturation,edge_density
img_0000,pexels,27776534,4000,6000,Ville Aalto,"A unique house atop a rocky cliff with a tree, under a bright blue sky.",https://images.pexels.com/photos/27776534/pexels-photo-27776534.jpeg?auto=compress&cs=tinysrgb&dpr=2&h=650&w=940,D:\Work\Workspace\Projects\Python\data-driven-surface\data\raw\images\img_0000.jpg,True,True,152.73029708862305,89.53112030029297,31.253414154052734
img_0001,pexels,7391802,4069,2713,Rex Joshua Alarcon America,"Fairytale-inspired castle nestled in Batangas, surrounded by verdant trees under a cloudy sky.",https://images.pexels.com/photos/7391802/pexels-photo-7391802.jpeg?auto=compress&cs=tinysrgb&dpr=2&h=650&w=940,D:\Work\Workspace\Projects\Python\data-driven-surface\data\raw\images\img_0001.jpg,True,True,114.27863311767578,105.53465270996094,9.059200286865234
img_0002,pexels,11592804,2160,2700,Mo Eid,"A digital surreal landscape featuring pink clouds, hills, and a serene lake, creating a calming and magical atmosphere.",https://images.pexels.com/photos/11592804/pexels-photo-11592804.jpeg?auto=compress&cs=tinysrgb&dpr=2&h=650&w=940,D:\Work\Workspace\Projects\Python\data-driven-surface\data\raw\images\img_0002.jpg,True,True,149.74640655517578,69.43918991088867,16.839237213134766
img_0003,pexels,4835500,3456,5184,raul romagnoli,Creative depiction of a large blue snake alongside a miniature human figure in a natural setting.,https://images.pexels.com/photos/4835500/pexels-photo-4835500.jpeg?auto=compress&cs=tinysrgb&dpr=2&h=650&w=940,D:\Work\Workspace\Projects\Python\data-driven-surface\data\raw\images\img_0003.jpg,True,True,126.66252899169922,79.77591323852539,19.73316192626953
img_0004,pexels,36902049,4032,3024,celal keser,"Two whimsical wooden houses nestled in a lush forest, creating a charming fairytale atmosphere.",https://images.pexels.com/photos/36902049/pexels-photo-36902049.jpeg?auto=compress&cs=tinysrgb&dpr=2&h=650&w=940,D:\Work\Workspace\Projects\Python\data-driven-surface\data\raw\images\img_0004.jpg,True,True,80.58146667480469,78.96246719360352,55.83669662475586
img_0005,pexels,31466059,4160,6240,🇻🇳🇻🇳 Việt Anh Nguyễn 🇻🇳🇻🇳,Charming medieval-themed castle with turrets and colorful banners in a vintage style.,https://images.pexels.com/photos/31466059/pexels-photo-31466059.jpeg?auto=compress&cs=tinysrgb&dpr=2&h=650&w=940,D:\Work\Workspace\Projects\Python\data-driven-surface\data\raw\images\img_0005.jpg,True,True,155.20595169067383,73.63850784301758,16.782817840576172
img_0006,pexels,36212716,3562,2000,Justin Rieta,"A picturesque medieval castle surrounded by dense forest, captured on a cloudy day.",https://images.pexels.com/photos/36212716/pexels-photo-36212716.jpeg?auto=compress&cs=tinysrgb&dpr=2&h=650&w=940,D:\Work\Workspace\Projects\Python\data-driven-surface\data\raw\images\img_0006.jpg,True,True,138.18344116210938,77.94148635864258,37.25624084472656
img_0007,pexels,19849764,5674,3775,Pedro Dias,A vibrant redhead in a fantasy costume relaxing on a park bench with autumn leaves.,https://images.pexels.com/photos/19849764/pexels-photo-19849764.jpeg?auto=compress&cs=tinysrgb&dpr=2&h=650&w=940,D:\Work\Workspace\Projects\Python\data-driven-surface\data\raw\images\img_0007.jpg,True,True,35.15066146850586,177.29975128173828,16.17971420288086
img_0008,pexels,29241410,2624,3936,Mateusz Walendzik,Whimsical rabbit sculpture inspired by Alice in Wonderland with a clock and playing cards theme.,https://images.pexels.com/photos/29241410/pexels-photo-29241410.jpeg?auto=compress&cs=tinysrgb&dpr=2&h=650&w=940,D:\Work\Workspace\Projects\Python\data-driven-surface\data\raw\images\img_0008.jpg,True,True,157.8485221862793,28.612319946289062,18.084354400634766
img_0009,pexels,31290076,6240,4160,Christina & Peter,"Charming fairy tale style open-air stage in Gudensberg, Germany.",https://images.pexels.com/photos/31290076/pexels-photo-31290076.jpeg?auto=compress&cs=tinysrgb&dpr=2&h=650&w=940,D:\Work\Workspace\Projects\Python\data-driven-surface\data\raw\images\img_0009.jpg,True,True,185.88194274902344,76.97423934936523,39.89433288574219
img_0010,pexels,35303523,1708,2560,Ong Béo Studio - BH ĐN,Charming child in red cape with plush bunny in enchanted forest setting.,https://images.pexels.com/photos/35303523/pexels-photo-35303523.jpeg?auto=compress&cs=tinysrgb&dpr=2&h=650&w=940,D:\Work\Workspace\Projects\Python\data-driven-surface\data\raw\images\img_0010.jpg,True,True,53.46329879760742,130.20323181152344,11.213836669921875
img_0011,pexels,29689859,3247,4860,Eduardo  González,"Vibrant Mad Hatter costume in nature, promoting fantasy themes.",https://images.pexels.com/photos/29689859/pexels-photo-29689859.jpeg?auto=compress&cs=tinysrgb&dpr=2&h=650&w=940,D:\Work\Workspace\Projects\Python\data-driven-surface\data\raw\images\img_0011.jpg,True,True,98.94651794433594,169.5094223022461,60.84829330444336
img_0012,pexels,14153731,3456,5184,Lucas Andrade,"A hand holding a book with mystical illustrations, captured in artistic lighting.",https://images.pexels.com/photos/14153731/pexels-photo-14153731.jpeg?auto=compress&cs=tinysrgb&dpr=2&h=650&w=940,D:\Work\Workspace\Projects\Python\data-driven-surface\data\raw\images\img_0012.jpg,True,True,51.396419525146484,87.88944244384766,24.609546661376953
img_0013,pexels,6900120,5184,3456,Raynand Yray II,"A vibrant fairytale castle surrounded by lush greenery and dramatic clouds in Lemery, Philippines.",https://images.pexels.com/photos/6900120/pexels-photo-6900120.jpeg?auto=compress&cs=tinysrgb&dpr=2&h=650&w=940,D:\Work\Workspace\Projects\Python\data-driven-surface\data\raw\images\img_0013.jpg,True,True,170.1222152709961,87.93182373046875,46.31446838378906
img_0014,pexels,4232976,6000,4000,Lisa from Pexels,"A miniature figurine paints on a tiny easel, creating art outdoors in a sunny environment.",https://images.pexels.com/photos/4232976/pexels-photo-4232976.jpeg?auto=compress&cs=tinysrgb&dpr=2&h=650&w=940,D:\Work\Workspace\Projects\Python\data-driven-surface\data\raw\images\img_0014.jpg,True,True,131.9826774597168,67.19341659545898,17.10674285888672
img_0015,pexels,17744396,3000,2135,shahin khalaji,"Woman in red dress plays the cello in a vast, serene field, under a dramatic sky.",https://images.pexels.com/photos/17744396/pexels-photo-17744396.jpeg?auto=compress&cs=tinysrgb&dpr=2&h=650&w=940,D:\Work\Workspace\Projects\Python\data-driven-surface\data\raw\images\img_0015.jpg,True,True,195.40661239624023,74.65689849853516,6.751842498779297
img_0016,pexels,1589279,3024,4032,Rene Terp,Colorful abstract surreal painting in studio with tools and easel.,https://images.pexels.com/photos/1589279/pexels-photo-1589279.jpeg?auto=compress&cs=tinysrgb&dpr=2&h=650&w=940,D:\Work\Workspace\Projects\Python\data-driven-surface\data\raw\images\img_0016.jpg,True,True,123.88003158569336,100.83199310302734,36.34574890136719
img_0017,pexels,29747789,3788,5682,Lucas Andrade,A whimsical Alice in Wonderland scene with 'Drink Me' bottle and teacup.,https://images.pexels.com/photos/29747789/pexels-photo-29747789.jpeg?auto=compress&cs=tinysrgb&dpr=2&h=650&w=940,D:\Work\Workspace\Projects\Python\data-driven-surface\data\raw\images\img_0017.jpg,True,True,195.04040908813477,94.54606246948242,13.46282958984375
img_0018,pexels,8274164,3512,6240,YEŞ,"Abstract art with broken mirror reflections creates a dreamy, surreal atmosphere in this indoor scene.",https://images.pexels.com/photos/8274164/pexels-photo-8274164.jpeg?auto=compress&cs=tinysrgb&dpr=2&h=650&w=940,D:\Work\Workspace\Projects\Python\data-driven-surface\data\raw\images\img_0018.jpg,True,True,140.2700424194336,69.06575775146484,12.713813781738281
img_0019,pexels,5263217,4592,2576,Dimitri Baret,An abstract metal sculpture on a grassy hill with a vivid blue sky in the background.,https://images.pexels.com/photos/5263217/pexels-photo-5263217.png?auto=compress&cs=tinysrgb&dpr=2&h=650&w=940,D:\Work\Workspace\Projects\Python\data-driven-surface\data\raw\images\img_0019.jpg,True,True,220.0853157043457,82.2633285522461,9.828643798828125
img_0020,pexels,13538124,6240,4160,Carolina Basi,Two women in vintage dresses sit in a forest reading a book.,https://images.pexels.com/photos/13538124/pexels-photo-13538124.jpeg?auto=compress&cs=tinysrgb&dpr=2&h=650&w=940,D:\Work\Workspace\Projects\Python\data-driven-surface\data\raw\images\img_0020.jpg,True,True,112.62881851196289,80.56557846069336,26.51418685913086
img_0021,pexels,16326883,2700,3375,Mo Eid,"Dreamlike scene of rolling hills with cotton-like clouds nestled within, creating a surreal landscape.",https://images.pexels.com/photos/16326883/pexels-photo-16326883.jpeg?auto=compress&cs=tinysrgb&dpr=2&h=650&w=940,D:\Work\Workspace\Projects\Python\data-driven-surface\data\raw\images\img_0021.jpg,True,True,107.12557601928711,75.73641967773438,18.275985717773438
img_0022,pexels,1400236,4608,3456,Simon Berger,A picturesque view of Tuscany's rolling hills with a dramatic sky and an umbrella in flight.,https://images.pexels.com/photos/1400236/pexels-photo-1400236.jpeg?auto=compress&cs=tinysrgb&dpr=2&h=650&w=940,D:\Work\Workspace\Projects\Python\data-driven-surface\data\raw\images\img_0022.jpg,True,True,189.08892440795898,59.62479782104492,36.13466262817383
img_0023,pexels,35258127,2568,3424,Esma Nur Büyükgüçlü,"Majestic fairytale castle with blue rooftops amidst lush greenery, ideal for fantasy settings.",https://images.pexels.com/photos/35258127/pexels-photo-35258127.jpeg?auto=compress&cs=tinysrgb&dpr=2&h=650&w=940,D:\Work\Workspace\Projects\Python\data-driven-surface\data\raw\images\img_0023.jpg,True,True,138.7173309326172,39.814456939697266,20.447158813476562
img_0024,pexels,13537468,7087,4724,Carolina Basi,"A woman in a blue dress stands on a grass field, tossing papers in front of an old building.",https://images.pexels.com/photos/13537468/pexels-photo-13537468.jpeg?auto=compress&cs=tinysrgb&dpr=2&h=650&w=940,D:\Work\Workspace\Projects\Python\data-driven-surface\data\raw\images\img_0024.jpg,True,True,84.55224227905273,49.001102447509766,8.189563751220703
img_0025,pexels,20895757,3666,4583,Munis Asadov,Atmospheric art studio showcasing a female painter with colorful painted canvases on easels.,https://images.pexels.com/photos/20895757/pexels-photo-20895757.jpeg?auto=compress&cs=tinysrgb&dpr=2&h=650&w=940,D:\Work\Workspace\Projects\Python\data-driven-surface\data\raw\images\img_0025.jpg,True,True,112.52957534790039,136.70081329345703,11.609745025634766
img_0026,pexels,35108869,4672,6224,Maxine Xin,"Enchanting castle with blue roofs surrounded by nature, reflecting in a serene lake.",https://images.pexels.com/photos/35108869/pexels-photo-35108869.jpeg?auto=compress&cs=tinysrgb&dpr=2&h=650&w=940,D:\Work\Workspace\Projects\Python\data-driven-surface\data\raw\images\img_0026.jpg,True,True,173.72135162353516,44.58717727661133,22.836227416992188
img_0027,pexels,8391463,3865,5797,Mikhail Nilov,"A gothic archway leading to a dimly lit stone staircase, adorned with medieval artwork.",https://images.pexels.com/photos/8391463/pexels-photo-8391463.jpeg?auto=compress&cs=tinysrgb&dpr=2&h=650&w=940,D:\Work\Workspace\Projects\Python\data-driven-surface\data\raw\images\img_0027.jpg,True,True,67.00822448730469,175.9457778930664,19.362545013427734
img_0028,pexels,8389794,6000,4000,Mikhail Nilov,"A young girl with red hair explores spellbooks in a magic-themed library, surrounded by fantasy decor.",https://images.pexels.com/photos/8389794/pexels-photo-8389794.jpeg?auto=compress&cs=tinysrgb&dpr=2&h=650&w=940,D:\Work\Workspace\Projects\Python\data-driven-surface\data\raw\images\img_0028.jpg,True,True,53.569480895996094,166.08166885375977,10.229415893554688
img_0029,pexels,6049603,4272,2848,Nothing Ahead,Colorful castle facade with towers between trees in theme park under cloudy sky in Batangas Philippines,https://images.pexels.com/photos/6049603/pexels-photo-6049603.jpeg?auto=compress&cs=tinysrgb&dpr=2&h=650&w=940,D:\Work\Workspace\Projects\Python\data-driven-surface\data\raw\images\img_0029.jpg,True,True,178.66442108154297,64.35544204711914,30.551090240478516
img_0030,pexels,5985234,1920,2560,Loneshades Studios,A lone red balloon drifts upwards against a backdrop of snowy trees and pale sky.,https://images.pexels.com/photos/5985234/pexels-photo-5985234.jpeg?auto=compress&cs=tinysrgb&dpr=2&h=650&w=940,D:\Work\Workspace\Projects\Python\data-driven-surface\data\raw\images\img_0030.jpg,True,True,191.45397567749023,20.409751892089844,20.9490966796875
img_0031,pexels,34919535,4982,9197,Мария Maria,Dark fantasy scene with a winged figure and mystical ambiance.,https://images.pexels.com/photos/34919535/pexels-photo-34919535.jpeg?auto=compress&cs=tinysrgb&dpr=2&h=650&w=940,D:\Work\Workspace\Projects\Python\data-driven-surface\data\raw\images\img_0031.jpg,True,True,97.25130462646484,100.97157287597656,29.590988159179688
img_0032,pexels,36772845,4000,5328,pixeljourney film,"A picturesque view of a fairytale castle in Eskişehir surrounded by lush greenery under a warm, glowing sky.",https://images.pexels.com/photos/36772845/pexels-photo-36772845.jpeg?auto=compress&cs=tinysrgb&dpr=2&h=650&w=940,D:\Work\Workspace\Projects\Python\data-driven-surface\data\raw\images\img_0032.jpg,True,True,166.54352188110352,111.93001556396484,33.75337600708008
img_0033,pexels,13568045,5760,3240,Steve A Johnson,"3D abstract image featuring a purple mountainous terrain with smooth, dynamic textures and shapes.",https://images.pexels.com/photos/13568045/pexels-photo-13568045.jpeg?auto=compress&cs=tinysrgb&dpr=2&h=650&w=940,D:\Work\Workspace\Projects\Python\data-driven-surface\data\raw\images\img_0033.jpg,True,True,93.42709732055664,94.0445785522461,11.503715515136719
img_0034,pexels,259690,3558,2376,Pixabay,View through a rustic arched window to a child swinging under an African tree in the savanna.,https://images.pexels.com/photos/259690/pexels-photo-259690.jpeg?auto=compress&cs=tinysrgb&dpr=2&h=650&w=940,D:\Work\Workspace\Projects\Python\data-driven-surface\data\raw\images\img_0034.jpg,True,True,59.6458854675293,129.94466400146484,16.688461303710938
img_0035,pexels,37151021,3648,2736,龜龜俠 楊,A whimsical stone castle with blue turrets surrounded by lush greenery and a large statue on a clear day.,https://images.pexels.com/photos/37151021/pexels-photo-37151021.jpeg?auto=compress&cs=tinysrgb&dpr=2&h=650&w=940,D:\Work\Workspace\Projects\Python\data-driven-surface\data\raw\images\img_0035.jpg,True,True,147.51558685302734,52.86203384399414,13.47158432006836
img_0036,pexels,30162581,2160,2700,Alejandro Aznar,"Surreal sculpture amidst Xilitla's lush, green jungle with intricate design and vibrant colors.",https://images.pexels.com/photos/30162581/pexels-photo-30162581.jpeg?auto=compress&cs=tinysrgb&dpr=2&h=650&w=940,D:\Work\Workspace\Projects\Python\data-driven-surface\data\raw\images\img_0036.jpg,True,True,78.80499267578125,100.50595092773438,44.12870407104492
img_0037,pexels,20133460,4742,3794,Robert Clark,"Artistic blurred image of a historical tower with arches, creating an abstract and moody atmosphere.",https://images.pexels.com/photos/20133460/pexels-photo-20133460.jpeg?auto=compress&cs=tinysrgb&dpr=2&h=650&w=940,D:\Work\Workspace\Projects\Python\data-driven-surface\data\raw\images\img_0037.jpg,True,True,128.93703079223633,135.02493286132812,9.93856430053711
img_0038,pexels,3786488,6000,3376,Johannes Plenio,A peaceful home interior with a girl enjoying music by the window on a sunny day.,https://images.pexels.com/photos/3786488/pexels-photo-3786488.jpeg?auto=compress&cs=tinysrgb&dpr=2&h=650&w=940,D:\Work\Workspace\Projects\Python\data-driven-surface\data\raw\images\img_0038.jpg,True,True,121.26770401000977,99.50910949707031,30.98979949951172
img_0039,pexels,16720154,2688,4032,Mehmet Turgut  Kirkgoz,Elegant cross-stitch art featuring Cinderella displayed in a luxurious living room setting.,https://images.pexels.com/photos/16720154/pexels-photo-16720154.jpeg?auto=compress&cs=tinysrgb&dpr=2&h=650&w=940,D:\Work\Workspace\Projects\Python\data-driven-surface\data\raw\images\img_0039.jpg,True,True,145.0329818725586,41.73012161254883,22.45685577392578
img_0040,pexels,6863117,2445,3258,Александр Якимов,"Red origami boat on a decorative map, encircled by fairy lights, creating a whimsical ambiance.",https://images.pexels.com/photos/6863117/pexels-photo-6863117.jpeg?auto=compress&cs=tinysrgb&dpr=2&h=650&w=940,D:\Work\Workspace\Projects\Python\data-driven-surface\data\raw\images\img_0040.jpg,True,True,87.4491195678711,135.80471420288086,32.1580696105957
img_0041,pexels,20895767,3840,4800,Munis Asadov,Cozy art studio showcasing vibrant paintings and a focused artist creating new work.,https://images.pexels.com/photos/20895767/pexels-photo-20895767.jpeg?auto=compress&cs=tinysrgb&dpr=2&h=650&w=940,D:\Work\Workspace\Projects\Python\data-driven-surface\data\raw\images\img_0041.jpg,True,True,135.46624374389648,110.69401931762695,15.638866424560547
img_0042,pexels,23508786,4608,3387,Steve A Johnson,"Abstract cityscape painting with vibrant colors and blurred shapes, evoking a lively city at night.",https://images.pexels.com/photos/23508786/pexels-photo-23508786.jpeg?auto=compress&cs=tinysrgb&dpr=2&h=650&w=940,D:\Work\Workspace\Projects\Python\data-driven-surface\data\raw\images\img_0042.jpg,True,True,137.02232360839844,155.1452980041504,15.457935333251953
img_0043,pexels,35774646,5999,3321,Maive & Nahuel Fotografía,A woman sits reading in a sunlit forest clearing at sunset.,https://images.pexels.com/photos/35774646/pexels-photo-35774646.jpeg?auto=compress&cs=tinysrgb&dpr=2&h=650&w=940,D:\Work\Workspace\Projects\Python\data-driven-surface\data\raw\images\img_0043.jpg,True,True,56.544734954833984,93.76186752319336,13.6651611328125
img_0044,pexels,15639928,6000,4000,Peter Adrienn,Back View of Woman in Black Dress on Grassland,https://images.pexels.com/photos/15639928/pexels-photo-15639928.jpeg?auto=compress&cs=tinysrgb&dpr=2&h=650&w=940,D:\Work\Workspace\Projects\Python\data-driven-surface\data\raw\images\img_0044.jpg,True,True,105.53366470336914,75.85560989379883,5.118598937988281
img_0045,pexels,8389772,4000,6000,Mikhail Nilov,"A young red-haired girl reads a book in a fantastical, indoor library with vibrant tapestry backdrops.",https://images.pexels.com/photos/8389772/pexels-photo-8389772.jpeg?auto=compress&cs=tinysrgb&dpr=2&h=650&w=940,D:\Work\Workspace\Projects\Python\data-driven-surface\data\raw\images\img_0045.jpg,True,True,73.4501953125,155.3500518798828,14.651527404785156
img_0046,pexels,14167173,3456,5184,Lucas Andrade,"Open ancient spell book depicting mystical illustrations, art, and enchantments.",https://images.pexels.com/photos/14167173/pexels-photo-14167173.jpeg?auto=compress&cs=tinysrgb&dpr=2&h=650&w=940,D:\Work\Workspace\Projects\Python\data-driven-surface\data\raw\images\img_0046.jpg,True,True,91.12912368774414,65.70616149902344,18.789596557617188
img_0047,pexels,18868270,4160,6240,Alexander Mass,"A redhead teenager sitting in a boat with hydrangeas, holding a book.",https://images.pexels.com/photos/18868270/pexels-photo-18868270.jpeg?auto=compress&cs=tinysrgb&dpr=2&h=650&w=940,D:\Work\Workspace\Projects\Python\data-driven-surface\data\raw\images\img_0047.jpg,True,True,83.96699523925781,80.3823471069336,15.161247253417969
img_0048,pexels,9185074,3648,5472,Елизавета Крючкина,"Artistic portrait of a woman with a floral headdress, emphasizing a dreamy and mysterious atmosphere.",https://images.pexels.com/photos/9185074/pexels-photo-9185074.jpeg?auto=compress&cs=tinysrgb&dpr=2&h=650&w=940,D:\Work\Workspace\Projects\Python\data-driven-surface\data\raw\images\img_0048.jpg,True,True,78.37598419189453,125.15418243408203,2.9902267456054688
img_0049,pexels,36094729,3898,2611,Maurizio Fecchio,"Majestic mountain view in Cimolais, Italy during sunset with dramatic clouds.",https://images.pexels.com/photos/36094729/pexels-photo-36094729.jpeg?auto=compress&cs=tinysrgb&dpr=2&h=650&w=940,D:\Work\Workspace\Projects\Python\data-driven-surface\data\raw\images\img_0049.jpg,True,True,65.0058822631836,64.01879501342773,8.84033203125
img_0050,pexels,23510518,2670,2642,Fidan Nazim qizi,Artistic silhouette of a person walking on a path reflected as a bare tree.,https://images.pexels.com/photos/23510518/pexels-photo-23510518.jpeg?auto=compress&cs=tinysrgb&dpr=2&h=650&w=940,D:\Work\Workspace\Projects\Python\data-driven-surface\data\raw\images\img_0050.jpg,True,True,129.75407028198242,86.43193435668945,12.477436065673828
img_0051,pexels,892245,2785,1815,Moussa Idrissi,A tranquil sunset scene over calm waters with a silhouetted boat and distant islands.,https://images.pexels.com/photos/892245/pexels-photo-892245.jpeg?auto=compress&cs=tinysrgb&dpr=2&h=650&w=940,D:\Work\Workspace\Projects\Python\data-driven-surface\data\raw\images\img_0051.jpg,True,True,80.671630859375,228.15908432006836,2.6128005981445312
img_0052,pexels,9454915,2160,2700,Mo Eid,A surreal pink tree on an isolated island reflecting in calm waters under a vibrant sunset sky.,https://images.pexels.com/photos/9454915/pexels-photo-9454915.jpeg?auto=compress&cs=tinysrgb&dpr=2&h=650&w=940,D:\Work\Workspace\Projects\Python\data-driven-surface\data\raw\images\img_0052.jpg,True,True,159.5971794128418,73.63074111938477,5.2178192138671875
img_0053,pexels,4646026,3744,5616,ArtHouse Studio,"A woman in a dark dress reads a book outdoors under eerie, twisted trees.",https://images.pexels.com/photos/4646026/pexels-photo-4646026.jpeg?auto=compress&cs=tinysrgb&dpr=2&h=650&w=940,D:\Work\Workspace\Projects\Python\data-driven-surface\data\raw\images\img_0053.jpg,True,True,51.92470169067383,72.74892044067383,8.528079986572266
img_0054,pexels,321441,2000,1125,Alex Kinkate,"A young girl on a swing set high above a bustling cityscape, capturing imagination and adventure.",https://images.pexels.com/photos/321441/pexels-photo-321441.jpeg?auto=compress&cs=tinysrgb&dpr=2&h=650&w=940,D:\Work\Workspace\Projects\Python\data-driven-surface\data\raw\images\img_0054.jpg,True,True,95.33081817626953,73.23320770263672,6.7664337158203125
img_0055,pexels,12315778,6000,3000,Johannes Plenio,Breathtaking view of snowcapped mountains under a beautiful sunset sky.,https://images.pexels.com/photos/12315778/pexels-photo-12315778.jpeg?auto=compress&cs=tinysrgb&dpr=2&h=650&w=940,D:\Work\Workspace\Projects\Python\data-driven-surface\data\raw\images\img_0055.jpg,True,True,154.90595626831055,75.27420806884766,4.570941925048828
img_0056,pexels,20439735,9504,6336,Mohammad Kashkooli,"A solitary person standing in a misty grassland, evoking mystery and solitude.",https://images.pexels.com/photos/20439735/pexels-photo-20439735.jpeg?auto=compress&cs=tinysrgb&dpr=2&h=650&w=940,D:\Work\Workspace\Projects\Python\data-driven-surface\data\raw\images\img_0056.jpg,True,True,158.69538116455078,38.73229217529297,3.9318466186523438
img_0057,pexels,3828272,5545,3697,Ferdinand Studio,"Elegant woman in a white dress with mysterious decor, exuding an eerie, artistic vibe. Perfect for Halloween themes.",https://images.pexels.com/photos/3828272/pexels-photo-3828272.jpeg?auto=compress&cs=tinysrgb&dpr=2&h=650&w=940,D:\Work\Workspace\Projects\Python\data-driven-surface\data\raw\images\img_0057.jpg,True,True,115.7025375366211,155.7071762084961,26.477222442626953
img_0058,pexels,1632786,4705,2646,Johannes Plenio,Peaceful sunset over lake with tree silhouettes and birds flying in a colorful sky reflection.,https://images.pexels.com/photos/1632786/pexels-photo-1632786.jpeg?auto=compress&cs=tinysrgb&dpr=2&h=650&w=940,D:\Work\Workspace\Projects\Python\data-driven-surface\data\raw\images\img_0058.jpg,True,True,122.87884521484375,125.03541564941406,4.086513519287109
img_0059,pexels,13869611,5472,3648,Matheus Bertelli,Young girl in a white dress reading under a tree in a mystical forest setting.,https://images.pexels.com/photos/13869611/pexels-photo-13869611.jpeg?auto=compress&cs=tinysrgb&dpr=2&h=650&w=940,D:\Work\Workspace\Projects\Python\data-driven-surface\data\raw\images\img_0059.jpg,True,True,61.71005630493164,129.82287979125977,18.082408905029297
img_0060,pexels,12228603,3518,4925,Matias Mango,Dramatic silhouette of a person walking along the coastline in Mar del Plata during twilight.,https://images.pexels.com/photos/12228603/pexels-photo-12228603.jpeg?auto=compress&cs=tinysrgb&dpr=2&h=650&w=940,D:\Work\Workspace\Projects\Python\data-driven-surface\data\raw\images\img_0060.jpg,True,True,90.0250129699707,61.67495346069336,4.636116027832031
img_0061,pexels,20710500,4160,6240,Anderson  Martins,"Woman painting a tree while sitting in grass, wearing a red beret and suspenders.",https://images.pexels.com/photos/20710500/pexels-photo-20710500.jpeg?auto=compress&cs=tinysrgb&dpr=2&h=650&w=940,D:\Work\Workspace\Projects\Python\data-driven-surface\data\raw\images\img_0061.jpg,True,True,92.33468246459961,89.31395721435547,28.414936065673828
img_0062,pexels,24283722,6144,3072,Steve A Johnson,A colorful abstract painting featuring rich textures and bold red accents.,https://images.pexels.com/photos/24283722/pexels-photo-24283722.jpeg?auto=compress&cs=tinysrgb&dpr=2&h=650&w=940,D:\Work\Workspace\Projects\Python\data-driven-surface\data\raw\images\img_0062.jpg,True,True,115.3080940246582,142.01117324829102,2.5923728942871094
img_0063,pexels,7465045,4241,5000,Jeffrey Czum,"Abandoned house set before majestic mountains under a serene sky, evoking a sense of isolation and beauty.",https://images.pexels.com/photos/7465045/pexels-photo-7465045.jpeg?auto=compress&cs=tinysrgb&dpr=2&h=650&w=940,D:\Work\Workspace\Projects\Python\data-driven-surface\data\raw\images\img_0063.jpg,True,True,147.25922775268555,50.191246032714844,8.266410827636719
img_0064,pexels,35597591,4000,6000,Berna,"Hands creatively journaling with vibrant sketches and pens, showcasing artistic expression.",https://images.pexels.com/photos/35597591/pexels-photo-35597591.jpeg?auto=compress&cs=tinysrgb&dpr=2&h=650&w=940,D:\Work\Workspace\Projects\Python\data-driven-surface\data\raw\images\img_0064.jpg,True,True,144.79145050048828,97.89901733398438,12.681713104248047
img_0065,pexels,17024488,2978,3723,Sahil Captures,A scenic field with a single tree amidst tulips against a dramatic cloudy sky.,https://images.pexels.com/photos/17024488/pexels-photo-17024488.jpeg?auto=compress&cs=tinysrgb&dpr=2&h=650&w=940,D:\Work\Workspace\Projects\Python\data-driven-surface\data\raw\images\img_0065.jpg,True,True,134.44695663452148,89.74556732177734,24.14651870727539
img_0066,pexels,20110020,3797,5269,Amaan Shaikh,A woman in vintage dress reading outdoors amidst blooming bushes in a foggy landscape.,https://images.pexels.com/photos/20110020/pexels-photo-20110020.jpeg?auto=compress&cs=tinysrgb&dpr=2&h=650&w=940,D:\Work\Workspace\Projects\Python\data-driven-surface\data\raw\images\img_0066.jpg,True,True,110.46948623657227,86.98675537109375,23.14167022705078
img_0067,pexels,8967623,3825,4781,Marlon Schmeiski,Redhead woman in dress kneeling with flowers in a lush autumn forest setting.,https://images.pexels.com/photos/8967623/pexels-photo-8967623.jpeg?auto=compress&cs=tinysrgb&dpr=2&h=650&w=940,D:\Work\Workspace\Projects\Python\data-driven-surface\data\raw\images\img_0067.jpg,True,True,92.65545272827148,108.71010208129883,24.60662841796875
img_0068,pexels,13537473,7087,7087,Carolina Basi,Elegantly dressed woman with red hair poses beside a lake under an overcast sky.,https://images.pexels.com/photos/13537473/pexels-photo-13537473.jpeg?auto=compress&cs=tinysrgb&dpr=2&h=650&w=940,D:\Work\Workspace\Projects\Python\data-driven-surface\data\raw\images\img_0068.jpg,True,True,92.94934844970703,79.38943481445312,7.192497253417969
img_0069,pexels,4208443,2048,2048,Steve A Johnson,A vivid and colorful abstract illustration with flowing wave patterns and bright hues.,https://images.pexels.com/photos/4208443/pexels-photo-4208443.jpeg?auto=compress&cs=tinysrgb&dpr=2&h=650&w=940,D:\Work\Workspace\Projects\Python\data-driven-surface\data\raw\images\img_0069.jpg,True,True,157.2275047302246,196.7995719909668,4.970741271972656
img_0070,pexels,68550,2639,1843,Pixabay,"Elephants reflecting in a serene lake at sunset, capturing the beauty of nature.",https://images.pexels.com/photos/68550/thailand-elephant-sunset-nature-68550.jpeg?auto=compress&cs=tinysrgb&dpr=2&h=650&w=940,D:\Work\Workspace\Projects\Python\data-driven-surface\data\raw\images\img_0070.jpg,True,True,141.80329132080078,197.2370147705078,12.044563293457031
img_0071,pexels,36087060,4000,5328,Rulo Mora,Artistic fantasy portrait of a woman with white hair and blue makeup at night in Mexico City.,https://images.pexels.com/photos/36087060/pexels-photo-36087060.jpeg?auto=compress&cs=tinysrgb&dpr=2&h=650&w=940,D:\Work\Workspace\Projects\Python\data-driven-surface\data\raw\images\img_0071.jpg,True,True,101.33244323730469,71.19204330444336,14.355812072753906
img_0072,pexels,2961734,2480,1654,Barbara Wyrowińska,Green wooden frame holding a grayscale art print on a soft green wall.,https://images.pexels.com/photos/2961734/pexels-photo-2961734.jpeg?auto=compress&cs=tinysrgb&dpr=2&h=650&w=940,D:\Work\Workspace\Projects\Python\data-driven-surface\data\raw\images\img_0072.jpg,True,True,195.62567901611328,69.02589797973633,9.266395568847656
img_0073,pexels,10173203,3366,4208,akın  akdağ,"A lone figure walks through a foggy, snow-covered forest, creating a mysterious winter scene.",https://images.pexels.com/photos/10173203/pexels-photo-10173203.jpeg?auto=compress&cs=tinysrgb&dpr=2&h=650&w=940,D:\Work\Workspace\Projects\Python\data-driven-surface\data\raw\images\img_0073.jpg,True,True,114.23914337158203,95.44903564453125,18.97052764892578
img_0074,pexels,30512647,4000,6000,Israyosoy S.,Colorful Mad Hatter cosplay with artistic makeup in a whimsical Tim Burton style.,https://images.pexels.com/photos/30512647/pexels-photo-30512647.jpeg?auto=compress&cs=tinysrgb&dpr=2&h=650&w=940,D:\Work\Workspace\Projects\Python\data-driven-surface\data\raw\images\img_0074.jpg,True,True,151.16856384277344,189.97730255126953,38.05194854736328
img_0075,pexels,18738492,4000,6000,Alexis Ricardo Alaurin,"Explore this stunning fantasy castle nestled in a lush tropical forest, ideal for sightseeing and tourism.",https://images.pexels.com/photos/18738492/pexels-photo-18738492.jpeg?auto=compress&cs=tinysrgb&dpr=2&h=650&w=940,D:\Work\Workspace\Projects\Python\data-driven-surface\data\raw\images\img_0075.jpg,True,True,104.69478988647461,97.59356307983398,19.711761474609375
img_0076,pexels,34934398,3072,4096,TBD Tuyên,Fairy-tale princess with long hair climbing a tree in a magical forest setting.,https://images.pexels.com/photos/34934398/pexels-photo-34934398.png?auto=compress&cs=tinysrgb&dpr=2&h=650&w=940,D:\Work\Workspace\Projects\Python\data-driven-surface\data\raw\images\img_0076.jpg,True,True,118.19705581665039,83.99349594116211,16.436519622802734
img_0077,pexels,5685463,3840,2160,Steve A Johnson,Colorful abstract art with psychedelic patterns and vibrant colors creating a dynamic visual experience.,https://images.pexels.com/photos/5685463/pexels-photo-5685463.jpeg?auto=compress&cs=tinysrgb&dpr=2&h=650&w=940,D:\Work\Workspace\Projects\Python\data-driven-surface\data\raw\images\img_0077.jpg,True,True,100.59206008911133,136.5236701965332,42.64915466308594
img_0078,pexels,12235101,5504,8256,Serena Koi,"Male artist drawing with pen at an outdoor table, focused on his artwork.",https://images.pexels.com/photos/12235101/pexels-photo-12235101.jpeg?auto=compress&cs=tinysrgb&dpr=2&h=650&w=940,D:\Work\Workspace\Projects\Python\data-driven-surface\data\raw\images\img_0078.jpg,True,True,137.3251953125,79.12700653076172,21.478271484375
img_0079,pexels,14130025,2397,3578,Alyona Pastukhova,Vibrant street art featuring fantastical creatures on a weathered urban wall.,https://images.pexels.com/photos/14130025/pexels-photo-14130025.jpeg?auto=compress&cs=tinysrgb&dpr=2&h=650&w=940,D:\Work\Workspace\Projects\Python\data-driven-surface\data\raw\images\img_0079.jpg,True,True,160.2684555053711,57.93186950683594,27.37506866455078
img_0080,pexels,19836788,4000,6000,Alina Vilchenko,"Mystical themed artwork with red mushrooms, celestial elements, and vibrant colors on a wooden tray.",https://images.pexels.com/photos/19836788/pexels-photo-19836788.jpeg?auto=compress&cs=tinysrgb&dpr=2&h=650&w=940,D:\Work\Workspace\Projects\Python\data-driven-surface\data\raw\images\img_0080.jpg,True,True,116.67028427124023,116.3550910949707,31.765079498291016
img_0081,pexels,18880462,4024,6048,Eric Weise,"Mystical studio portrait of a woman in a Red Riding Hood costume, holding a basket.",https://images.pexels.com/photos/18880462/pexels-photo-18880462.jpeg?auto=compress&cs=tinysrgb&dpr=2&h=650&w=940,D:\Work\Workspace\Projects\Python\data-driven-surface\data\raw\images\img_0081.jpg,True,True,42.75585174560547,109.44302368164062,7.245998382568359
img_0082,pexels,8262604,4801,3201,Ron Lach,"Ethereal image of a woman in a cloudy setting, holding a glowing orb, creating a dreamy atmosphere.",https://images.pexels.com/photos/8262604/pexels-photo-8262604.jpeg?auto=compress&cs=tinysrgb&dpr=2&h=650&w=940,D:\Work\Workspace\Projects\Python\data-driven-surface\data\raw\images\img_0082.jpg,True,True,198.63175201416016,140.49044036865234,5.047588348388672
img_0083,pexels,17976304,5386,3588,Jean-Paul Wettstein,Sculpture of a white rabbit with a clock in a Swiss meadow under blue skies.,https://images.pexels.com/photos/17976304/pexels-photo-17976304.jpeg?auto=compress&cs=tinysrgb&dpr=2&h=650&w=940,D:\Work\Workspace\Projects\Python\data-driven-surface\data\raw\images\img_0083.jpg,True,True,174.56561279296875,140.66075897216797,9.466781616210938
img_0084,pexels,13538100,4160,6240,Carolina Basi,"A woman in a red gown holds candles in front of a historical building, creating a vintage atmosphere.",https://images.pexels.com/photos/13538100/pexels-photo-13538100.jpeg?auto=compress&cs=tinysrgb&dpr=2&h=650&w=940,D:\Work\Workspace\Projects\Python\data-driven-surface\data\raw\images\img_0084.jpg,True,True,79.38982772827148,100.9741325378418,18.357696533203125
img_0085,pexels,19197452,5760,3840,Turuncu Sakal,"A woman with a red cloak stands on a cliff, gazing at the distant sailboat over the ocean.",https://images.pexels.com/photos/19197452/pexels-photo-19197452.jpeg?auto=compress&cs=tinysrgb&dpr=2&h=650&w=940,D:\Work\Workspace\Projects\Python\data-driven-surface\data\raw\images\img_0085.jpg,True,True,130.87737274169922,130.38832473754883,6.710014343261719
img_0086,pexels,13359786,7087,4725,Carolina Basi,A woman in a vintage orange dress walking along railway tracks with scattered suitcases.,https://images.pexels.com/photos/13359786/pexels-photo-13359786.jpeg?auto=compress&cs=tinysrgb&dpr=2&h=650&w=940,D:\Work\Workspace\Projects\Python\data-driven-surface\data\raw\images\img_0086.jpg,True,True,57.897735595703125,55.83693313598633,18.191356658935547
img_0087,pexels,14263053,6336,8448,khezez  | خزاز,Artistic shot of a woman in fantasy costume by a glowing fountain in Baghdad.,https://images.pexels.com/photos/14263053/pexels-photo-14263053.jpeg?auto=compress&cs=tinysrgb&dpr=2&h=650&w=940,D:\Work\Workspace\Projects\Python\data-driven-surface\data\raw\images\img_0087.jpg,True,True,88.82091522216797,83.24560546875,14.352893829345703
img_0088,pexels,20443813,9504,6336,Mohammad Kashkooli,"A solitary figure rests next to a chair in a misty, serene green field, conveying tranquility and solitude.",https://images.pexels.com/photos/20443813/pexels-photo-20443813.jpeg?auto=compress&cs=tinysrgb&dpr=2&h=650&w=940,D:\Work\Workspace\Projects\Python\data-driven-surface\data\raw\images\img_0088.jpg,True,True,111.08268356323242,90.82395553588867,1.0379219055175781
img_0089,pexels,30491740,6000,4000,Ceren  Fehime,"Cozy bookstore with ivy-covered facade on an old street in Ankara, Türkiye.",https://images.pexels.com/photos/30491740/pexels-photo-30491740.jpeg?auto=compress&cs=tinysrgb&dpr=2&h=650&w=940,D:\Work\Workspace\Projects\Python\data-driven-surface\data\raw\images\img_0089.jpg,True,True,69.16489791870117,155.34882736206055,46.71134948730469
img_0090,pexels,9403201,5081,6351,Arminas Vasiljev,"Artistic photo of a woman in a unique pose outdoors holding a cup, wearing a plaid dress.",https://images.pexels.com/photos/9403201/pexels-photo-9403201.jpeg?auto=compress&cs=tinysrgb&dpr=2&h=650&w=940,D:\Work\Workspace\Projects\Python\data-driven-surface\data\raw\images\img_0090.jpg,True,True,123.17405319213867,80.65033721923828,43.7940788269043
img_0091,pexels,35113453,4480,6720,YI REN,"Enchanting fairytale scene of a girl in a red cloak, evoking Little Red Riding Hood.",https://images.pexels.com/photos/35113453/pexels-photo-35113453.jpeg?auto=compress&cs=tinysrgb&dpr=2&h=650&w=940,D:\Work\Workspace\Projects\Python\data-driven-surface\data\raw\images\img_0091.jpg,True,True,143.35763549804688,133.96998596191406,50.573158264160156
img_0092,pexels,33840290,5622,4016,siavosh ejlali,"A person stands on a mountain edge embracing freedom in Alborz, Iran.",https://images.pexels.com/photos/33840290/pexels-photo-33840290.jpeg?auto=compress&cs=tinysrgb&dpr=2&h=650&w=940,D:\Work\Workspace\Projects\Python\data-driven-surface\data\raw\images\img_0092.jpg,True,True,146.41998672485352,38.36842727661133,2.002887725830078
img_0093,pexels,18542513,2374,3459,Henrik Le-Botos,A serene image of a mother and child standing by a tree in an ethereal foggy rural landscape.,https://images.pexels.com/photos/18542513/pexels-photo-18542513.jpeg?auto=compress&cs=tinysrgb&dpr=2&h=650&w=940,D:\Work\Workspace\Projects\Python\data-driven-surface\data\raw\images\img_0093.jpg,True,True,183.97763442993164,97.68639755249023,3.660449981689453
img_0094,pexels,4526153,2956,3000,Jeffrey Czum,Victorian-style pink house surrounded by trees under clear blue sky.,https://images.pexels.com/photos/4526153/pexels-photo-4526153.jpeg?auto=compress&cs=tinysrgb&dpr=2&h=650&w=940,D:\Work\Workspace\Projects\Python\data-driven-surface\data\raw\images\img_0094.jpg,True,True,197.19378662109375,58.547733306884766,12.157402038574219
img_0095,pexels,6309616,2999,4001,Anni Roenkae,Dark green abstract textured background with light streaks creating a dynamic composition.,https://images.pexels.com/photos/6309616/pexels-photo-6309616.png?auto=compress&cs=tinysrgb&dpr=2&h=650&w=940,D:\Work\Workspace\Projects\Python\data-driven-surface\data\raw\images\img_0095.jpg,True,True,55.185882568359375,108.14563369750977,6.969738006591797
img_0096,pexels,16564304,4912,7360,Josue Velasquez,"A woman poses with a red suitcase in a vintage dress and hat, set against a vibrant red floral backdrop.",https://images.pexels.com/photos/16564304/pexels-photo-16564304.jpeg?auto=compress&cs=tinysrgb&dpr=2&h=650&w=940,D:\Work\Workspace\Projects\Python\data-driven-surface\data\raw\images\img_0096.jpg,True,True,74.7998161315918,166.60978317260742,16.976394653320312
img_0097,pexels,8669114,5322,3548,Anna Zaykina,A child joyfully running down a tree-lined path in a lush green meadow on a sunny day.,https://images.pexels.com/photos/8669114/pexels-photo-8669114.jpeg?auto=compress&cs=tinysrgb&dpr=2&h=650&w=940,D:\Work\Workspace\Projects\Python\data-driven-surface\data\raw\images\img_0097.jpg,True,True,123.56497955322266,93.87045669555664,31.979084014892578
img_0098,pexels,17312759,4000,6000,Alina Vilchenko,Colorful mushroom art print with plants and decorations indoors.,https://images.pexels.com/photos/17312759/pexels-photo-17312759.jpeg?auto=compress&cs=tinysrgb&dpr=2&h=650&w=940,D:\Work\Workspace\Projects\Python\data-driven-surface\data\raw\images\img_0098.jpg,True,True,145.0788345336914,116.18474960327148,38.6949348449707
img_0099,pexels,13538112,6240,4160,Carolina Basi,Elegant woman in white dress and crown with floating pages in an old castle setting.,https://images.pexels.com/photos/13538112/pexels-photo-13538112.jpeg?auto=compress&cs=tinysrgb&dpr=2&h=650&w=940,D:\Work\Workspace\Projects\Python\data-driven-surface\data\raw\images\img_0099.jpg,True,True,56.36507034301758,61.5408821105957,18.155364990234375
img_0100,pexels,36170711,5792,6439,bahar 𓆰,"A still life featuring a watercolor painting, dried orange, leaves, and a lace background.",https://images.pexels.com/photos/36170711/pexels-photo-36170711.jpeg?auto=compress&cs=tinysrgb&dpr=2&h=650&w=940,D:\Work\Workspace\Projects\Python\data-driven-surface\data\raw\images\img_0100.jpg,True,True,164.15984344482422,58.88367462158203,63.942604064941406
img_0101,pexels,13055971,4800,2700,Steve A Johnson,Vibrant abstract 3D render with a yellow sphere atop stylized wave-like structures.,https://images.pexels.com/photos/13055971/pexels-photo-13055971.jpeg?auto=compress&cs=tinysrgb&dpr=2&h=650&w=940,D:\Work\Workspace\Projects\Python\data-driven-surface\data\raw\images\img_0101.jpg,True,True,95.60894393920898,172.2398338317871,12.627239227294922
img_0102,pexels,30512682,6000,4000,Israyosoy S.,Creative cosplay character portrait with vibrant makeup and Tim Burton style elements.,https://images.pexels.com/photos/30512682/pexels-photo-30512682.jpeg?auto=compress&cs=tinysrgb&dpr=2&h=650&w=940,D:\Work\Workspace\Projects\Python\data-driven-surface\data\raw\images\img_0102.jpg,True,True,84.99160385131836,177.88438415527344,19.73316192626953
img_0103,pexels,25315990,5760,3840,Hüsna Şimşek,"Sunlit art studio with painting supplies, easel, and a landscape artwork, evoking creativity.",https://images.pexels.com/photos/25315990/pexels-photo-25315990.jpeg?auto=compress&cs=tinysrgb&dpr=2&h=650&w=940,D:\Work\Workspace\Projects\Python\data-driven-surface\data\raw\images\img_0103.jpg,True,True,114.95476531982422,129.33599853515625,28.064746856689453
img_0104,pexels,8045063,3024,4032,Leo Arslan,Back view full body of unrecognizable female in long dress standing with cage in hand in rural terrain among plants,https://images.pexels.com/photos/8045063/pexels-photo-8045063.jpeg?auto=compress&cs=tinysrgb&dpr=2&h=650&w=940,D:\Work\Workspace\Projects\Python\data-driven-surface\data\raw\images\img_0104.jpg,True,True,138.44182205200195,29.945152282714844,14.088306427001953
img_0105,pexels,8559315,6000,3376,Dmitry Demidov,A mysterious creature sits in a magical autumn forest with leafless trees.,https://images.pexels.com/photos/8559315/pexels-photo-8559315.jpeg?auto=compress&cs=tinysrgb&dpr=2&h=650&w=940,D:\Work\Workspace\Projects\Python\data-driven-surface\data\raw\images\img_0105.jpg,True,True,130.42323303222656,74.0885009765625,23.201007843017578
img_0106,pexels,1110660,3575,2010,Johannes Plenio,Stunning landscape of a storm over an island with lightning striking the calm water.,https://images.pexels.com/photos/1110660/pexels-photo-1110660.jpeg?auto=compress&cs=tinysrgb&dpr=2&h=650&w=940,D:\Work\Workspace\Projects\Python\data-driven-surface\data\raw\images\img_0106.jpg,True,True,117.35816955566406,93.70933151245117,1.4698219299316406
img_0107,pexels,30963445,4000,6000,İclal Çapoğlu Cinal,"A watercolor landscape painting in an open notebook on a desk, surrounded by art supplies.",https://images.pexels.com/photos/30963445/pexels-photo-30963445.jpeg?auto=compress&cs=tinysrgb&dpr=2&h=650&w=940,D:\Work\Workspace\Projects\Python\data-driven-surface\data\raw\images\img_0107.jpg,True,True,132.3076934814453,81.44532775878906,12.98715591430664
img_0108,pexels,19137761,2560,3840,Anton Massalov,Lush tropical garden in Tallinn with vibrant parrot and artistic stone sculptures by a stream.,https://images.pexels.com/photos/19137761/pexels-photo-19137761.jpeg?auto=compress&cs=tinysrgb&dpr=2&h=650&w=940,D:\Work\Workspace\Projects\Python\data-driven-surface\data\raw\images\img_0108.jpg,True,True,62.29561996459961,160.25123596191406,38.58015060424805
img_0109,pexels,22039377,3920,5221,byramblc,"A stunning black and white view of a fairytale castle in Eskişehir, Turkey's park.",https://images.pexels.com/photos/22039377/pexels-photo-22039377.jpeg?auto=compress&cs=tinysrgb&dpr=2&h=650&w=940,D:\Work\Workspace\Projects\Python\data-driven-surface\data\raw\images\img_0109.jpg,True,True,150.29319381713867,0.0,51.55660629272461
img_0110,pexels,2268511,2048,2048,byMALENS,Dynamic abstract artwork depicting swirling metallic shapes with vibrant colors in a modern style.,https://images.pexels.com/photos/2268511/pexels-photo-2268511.jpeg?auto=compress&cs=tinysrgb&dpr=2&h=650&w=940,D:\Work\Workspace\Projects\Python\data-driven-surface\data\raw\images\img_0110.jpg,True,True,128.9845962524414,103.48282241821289,5.275211334228516
img_0111,pexels,6061079,2858,2858,June,Flat lay of whimsical tarot cards featuring food illustrations on a black surface with pearls.,https://images.pexels.com/photos/6061079/pexels-photo-6061079.jpeg?auto=compress&cs=tinysrgb&dpr=2&h=650&w=940,D:\Work\Workspace\Projects\Python\data-driven-surface\data\raw\images\img_0111.jpg,True,True,112.97615432739258,60.85957717895508,59.897918701171875
img_0112,pexels,24994704,8334,5820,Steve A Johnson,A vivid abstract painting showcasing dynamic brush strokes and vibrant colors.,https://images.pexels.com/photos/24994704/pexels-photo-24994704.jpeg?auto=compress&cs=tinysrgb&dpr=2&h=650&w=940,D:\Work\Workspace\Projects\Python\data-driven-surface\data\raw\images\img_0112.jpg,True,True,171.7816047668457,177.5928077697754,11.818885803222656
img_0113,pexels,29592851,9504,6336,Jing Zhan,Scenic winter view of Fisherman's Bastion with tourists in Budapest.,https://images.pexels.com/photos/29592851/pexels-photo-29592851.jpeg?auto=compress&cs=tinysrgb&dpr=2&h=650&w=940,D:\Work\Workspace\Projects\Python\data-driven-surface\data\raw\images\img_0113.jpg,True,True,124.22418212890625,22.997589111328125,33.02284240722656
img_0114,pexels,4145059,4000,3267,JJ Jordan,Concentrated female wearing aged historical costume sitting at table with vintage utensil and reading book,https://images.pexels.com/photos/4145059/pexels-photo-4145059.jpeg?auto=compress&cs=tinysrgb&dpr=2&h=650&w=940,D:\Work\Workspace\Projects\Python\data-driven-surface\data\raw\images\img_0114.jpg,True,True,43.243614196777344,210.76625061035156,10.812091827392578
img_0115,pexels,6106327,5653,2848,Eleonora Sky,"A woman stands on rocks by the sea under a dramatic cloudy sky, creating an evocative seascape.",https://images.pexels.com/photos/6106327/pexels-photo-6106327.jpeg?auto=compress&cs=tinysrgb&dpr=2&h=650&w=940,D:\Work\Workspace\Projects\Python\data-driven-surface\data\raw\images\img_0115.jpg,True,True,116.75849533081055,32.33034896850586,15.380115509033203
img_0116,pexels,4084701,6000,4000,Johannes Plenio,"Silhouette of bare trees at twilight with stars in sky, creating a serene and mystical atmosphere.",https://images.pexels.com/photos/4084701/pexels-photo-4084701.jpeg?auto=compress&cs=tinysrgb&dpr=2&h=650&w=940,D:\Work\Workspace\Projects\Python\data-driven-surface\data\raw\images\img_0116.jpg,True,True,36.258426666259766,173.92670822143555,12.009544372558594
img_0117,pexels,25300512,6912,4608,Steve A Johnson,Abstract artwork featuring textured gray and blue hues with a cloud-like appearance.,https://images.pexels.com/photos/25300512/pexels-photo-25300512.jpeg?auto=compress&cs=tinysrgb&dpr=2&h=650&w=940,D:\Work\Workspace\Projects\Python\data-driven-surface\data\raw\images\img_0117.jpg,True,True,101.70555114746094,58.46049118041992,3.1662940979003906
img_0118,pexels,16564305,4912,7360,Josue Velasquez,Stylish woman in vintage dress holds a red suitcase in garden with vibrant flowers.,https://images.pexels.com/photos/16564305/pexels-photo-16564305.jpeg?auto=compress&cs=tinysrgb&dpr=2&h=650&w=940,D:\Work\Workspace\Projects\Python\data-driven-surface\data\raw\images\img_0118.jpg,True,True,75.57836151123047,173.75189590454102,13.26925277709961
img_0119,pexels,35724638,3104,4672,Orkhan  Sweden,"Warm and inviting café with colorful balloons, bookshelves, and lush indoor foliage.",https://images.pexels.com/photos/35724638/pexels-photo-35724638.jpeg?auto=compress&cs=tinysrgb&dpr=2&h=650&w=940,D:\Work\Workspace\Projects\Python\data-driven-surface\data\raw\images\img_0119.jpg,True,True,87.67194747924805,115.2147102355957,28.67563247680664
img_0120,pexels,16247153,4096,3072,Mehmet Turgut  Kirkgoz,"A serene vintage still life of books, flowers, and pitchers by a softly lit curtain.",https://images.pexels.com/photos/16247153/pexels-photo-16247153.jpeg?auto=compress&cs=tinysrgb&dpr=2&h=650&w=940,D:\Work\Workspace\Projects\Python\data-driven-surface\data\raw\images\img_0120.jpg,True,True,124.84252166748047,45.8847541809082,8.854923248291016
img_0121,pexels,34553303,2305,4000,brandon retratos,A haunting figure in a white costume and skull makeup stands in a forest setting holding an umbrella.,https://images.pexels.com/photos/34553303/pexels-photo-34553303.jpeg?auto=compress&cs=tinysrgb&dpr=2&h=650&w=940,D:\Work\Workspace\Projects\Python\data-driven-surface\data\raw\images\img_0121.jpg,True,True,94.73670959472656,137.94171905517578,23.55508804321289
img_0122,pexels,34746962,2025,2700,Hassan Bouamoud,Warm and cozy living room scene featuring artistic decor and a comfortable sofa.,https://images.pexels.com/photos/34746962/pexels-photo-34746962.jpeg?auto=compress&cs=tinysrgb&dpr=2&h=650&w=940,D:\Work\Workspace\Projects\Python\data-driven-surface\data\raw\images\img_0122.jpg,True,True,86.3570442199707,91.9837532043457,13.2916259765625
img_0123,pexels,36653424,2467,1762,Ludek Pytloun,"A vibrant dragonfly rests on a rock, surrounded by calm waters and a tranquil atmosphere.",https://images.pexels.com/photos/36653424/pexels-photo-36653424.jpeg?auto=compress&cs=tinysrgb&dpr=2&h=650&w=940,D:\Work\Workspace\Projects\Python\data-driven-surface\data\raw\images\img_0123.jpg,True,True,185.98154830932617,80.29624557495117,10.722599029541016
img_0124,pexels,7566172,3004,4500,Ala Milczarek,A woman in a red skirt dances in a vibrant field of poppies under a clear blue sky.,https://images.pexels.com/photos/7566172/pexels-photo-7566172.jpeg?auto=compress&cs=tinysrgb&dpr=2&h=650&w=940,D:\Work\Workspace\Projects\Python\data-driven-surface\data\raw\images\img_0124.jpg,True,True,182.08002471923828,124.83245849609375,6.597175598144531
img_0125,pexels,16246778,3072,4096,Mehmet Turgut  Kirkgoz,"A vintage table setup with pottery under a window adorned with red curtains, creating a nostalgic atmosphere.",https://images.pexels.com/photos/16246778/pexels-photo-16246778.jpeg?auto=compress&cs=tinysrgb&dpr=2&h=650&w=940,D:\Work\Workspace\Projects\Python\data-driven-surface\data\raw\images\img_0125.jpg,True,True,58.054019927978516,91.7969970703125,7.845211029052734
img_0126,pexels,4646035,5760,3756,ArtHouse Studio,"A young woman sitting in a field, holding an open book near a vintage clock, surrounded by tall grass.",https://images.pexels.com/photos/4646035/pexels-photo-4646035.jpeg?auto=compress&cs=tinysrgb&dpr=2&h=650&w=940,D:\Work\Workspace\Projects\Python\data-driven-surface\data\raw\images\img_0126.jpg,True,True,145.3376808166504,75.15410995483398,25.592021942138672
img_0127,pexels,11537651,3264,4896,Serhii Volyk,Artistic outdoor exhibition featuring various framed paintings against a concrete wall.,https://images.pexels.com/photos/11537651/pexels-photo-11537651.jpeg?auto=compress&cs=tinysrgb&dpr=2&h=650&w=940,D:\Work\Workspace\Projects\Python\data-driven-surface\data\raw\images\img_0127.jpg,True,True,125.54094696044922,97.50390625,31.1279296875
img_0128,pexels,35625685,4000,5000,Yusuf P,"A sunlit breakfast table with pastries, a cake, and a warm ambiance.",https://images.pexels.com/photos/35625685/pexels-photo-35625685.jpeg?auto=compress&cs=tinysrgb&dpr=2&h=650&w=940,D:\Work\Workspace\Projects\Python\data-driven-surface\data\raw\images\img_0128.jpg,True,True,107.64827728271484,155.6717185974121,21.681575775146484
img_0129,pexels,24349103,8064,6048,Steve A Johnson,Artistic abstract painting resembling frosty winter textures with soft pastel hues.,https://images.pexels.com/photos/24349103/pexels-photo-24349103.jpeg?auto=compress&cs=tinysrgb&dpr=2&h=650&w=940,D:\Work\Workspace\Projects\Python\data-driven-surface\data\raw\images\img_0129.jpg,True,True,202.36185455322266,17.032093048095703,2.4600791931152344
img_0130,pexels,10448291,4320,3240,Anni Roenkae,"Dynamic abstract painting with earthy tones and organic shapes, perfect for modern art enthusiasts.",https://images.pexels.com/photos/10448291/pexels-photo-10448291.png?auto=compress&cs=tinysrgb&dpr=2&h=650&w=940,D:\Work\Workspace\Projects\Python\data-driven-surface\data\raw\images\img_0130.jpg,True,True,142.49628829956055,108.71857452392578,24.369277954101562
img_0131,pexels,35021865,2914,3886,Lydia Griva,A stack of books and a chessboard on a vintage leather trunk in warm sunlight.,https://images.pexels.com/photos/35021865/pexels-photo-35021865.jpeg?auto=compress&cs=tinysrgb&dpr=2&h=650&w=940,D:\Work\Workspace\Projects\Python\data-driven-surface\data\raw\images\img_0131.jpg,True,True,125.8561019897461,155.53521728515625,26.646480560302734
img_0132,pexels,13359787,7087,4725,Carolina Basi,"A woman in a long skirt stands blindfolded by a forest pond, creating an air of mystery.",https://images.pexels.com/photos/13359787/pexels-photo-13359787.jpeg?auto=compress&cs=tinysrgb&dpr=2&h=650&w=940,D:\Work\Workspace\Projects\Python\data-driven-surface\data\raw\images\img_0132.jpg,True,True,70.6747932434082,78.83849716186523,23.149452209472656
img_0133,pexels,37104685,6537,4358,Uriel Lu,"Person in dinosaur costume on graffiti-covered structure in Uribelarrea, Argentina.",https://images.pexels.com/photos/37104685/pexels-photo-37104685.jpeg?auto=compress&cs=tinysrgb&dpr=2&h=650&w=940,D:\Work\Workspace\Projects\Python\data-driven-surface\data\raw\images\img_0133.jpg,True,True,187.60731887817383,35.85472106933594,33.06856155395508
img_0134,pexels,4175054,5184,3888,Anni Roenkae,"Dynamic abstract art with vivid blues, purples, and oranges creating a mesmerizing visual impact.",https://images.pexels.com/photos/4175054/pexels-photo-4175054.jpeg?auto=compress&cs=tinysrgb&dpr=2&h=650&w=940,D:\Work\Workspace\Projects\Python\data-driven-surface\data\raw\images\img_0134.jpg,True,True,159.88876724243164,97.75981903076172,22.708797454833984
img_0135,pexels,18911161,6000,4000,Woki Nguyn,"A ghost costume figure stands on a chair in the scenic Đà Lạt countryside, evoking a Halloween theme.",https://images.pexels.com/photos/18911161/pexels-photo-18911161.jpeg?auto=compress&cs=tinysrgb&dpr=2&h=650&w=940,D:\Work\Workspace\Projects\Python\data-driven-surface\data\raw\images\img_0135.jpg,True,True,94.62060928344727,88.11359405517578,16.97153091430664
img_0136,pexels,30925660,6000,4000,Steve A Johnson,Dynamic abstract painting with vibrant red and purple hues and textured details.,https://images.pexels.com/photos/30925660/pexels-photo-30925660.jpeg?auto=compress&cs=tinysrgb&dpr=2&h=650&w=940,D:\Work\Workspace\Projects\Python\data-driven-surface\data\raw\images\img_0136.jpg,True,True,137.14162826538086,99.56808090209961,7.031993865966797
img_0137,pexels,13132513,3974,5962,Civan D.,"Explore a cozy Istanbul antique shop filled with vintage frames and books, capturing a nostalgic atmosphere.",https://images.pexels.com/photos/13132513/pexels-photo-13132513.jpeg?auto=compress&cs=tinysrgb&dpr=2&h=650&w=940,D:\Work\Workspace\Projects\Python\data-driven-surface\data\raw\images\img_0137.jpg,True,True,78.6524772644043,149.50300979614258,30.804977416992188
img_0138,pexels,20720026,3996,5994,Rahib Hamidov,"A focused artist painting in a cozy workshop by the window, embracing creativity.",https://images.pexels.com/photos/20720026/pexels-photo-20720026.jpeg?auto=compress&cs=tinysrgb&dpr=2&h=650&w=940,D:\Work\Workspace\Projects\Python\data-driven-surface\data\raw\images\img_0138.jpg,True,True,88.11780166625977,98.78770065307617,2.923107147216797
img_0139,pexels,21317395,6000,4000,Tuấn Kiệt Jr.,"Farmers working in a field near a stone castle during a summer day, surrounded by greenery and smoke.",https://images.pexels.com/photos/21317395/pexels-photo-21317395.jpeg?auto=compress&cs=tinysrgb&dpr=2&h=650&w=940,D:\Work\Workspace\Projects\Python\data-driven-surface\data\raw\images\img_0139.jpg,True,True,169.47824478149414,66.15623474121094,55.29390335083008
img_0140,pexels,10313412,3840,2160,Lea,"Surreal architecture with archway, fabric draped stairs, and reflective sphere.",https://images.pexels.com/photos/10313412/pexels-photo-10313412.jpeg?auto=compress&cs=tinysrgb&dpr=2&h=650&w=940,D:\Work\Workspace\Projects\Python\data-driven-surface\data\raw\images\img_0140.jpg,True,True,79.82024765014648,101.94614791870117,6.963901519775391
img_0141,pexels,10959565,4024,6048,Pedro Dias,A creative studio portrait of a woman holding a bird cage surrounded by floating papers.,https://images.pexels.com/photos/10959565/pexels-photo-10959565.jpeg?auto=compress&cs=tinysrgb&dpr=2&h=650&w=940,D:\Work\Workspace\Projects\Python\data-driven-surface\data\raw\images\img_0141.jpg,True,True,60.8372802734375,144.99514770507812,10.272216796875
img_0142,pexels,4646025,3600,5466,ArtHouse Studio,A young woman in vintage attire with a somber expression holds an antique book under a tree.,https://images.pexels.com/photos/4646025/pexels-photo-4646025.jpeg?auto=compress&cs=tinysrgb&dpr=2&h=650&w=940,D:\Work\Workspace\Projects\Python\data-driven-surface\data\raw\images\img_0142.jpg,True,True,43.966800689697266,45.70701599121094,4.8831939697265625
img_0143,pexels,10782367,6240,4160,Yogii Surya Pangestu,A lone tree and figure in a misty landscape create a moody and atmospheric scene.,https://images.pexels.com/photos/10782367/pexels-photo-10782367.jpeg?auto=compress&cs=tinysrgb&dpr=2&h=650&w=940,D:\Work\Workspace\Projects\Python\data-driven-surface\data\raw\images\img_0143.jpg,True,True,129.5307388305664,118.40460968017578,9.352970123291016
img_0144,pexels,556669,2000,2388,luizclas,A captivating silhouette of a person at twilight with birds flocking against a colorful sky.,https://images.pexels.com/photos/556669/pexels-photo-556669.jpeg?auto=compress&cs=tinysrgb&dpr=2&h=650&w=940,D:\Work\Workspace\Projects\Python\data-driven-surface\data\raw\images\img_0144.jpg,True,True,108.91173553466797,88.07479858398438,5.0232696533203125
img_0145,pexels,3830057,4013,2675,Felipe Zanchetta,"Woman in a floral dress holds a glowing lantern amidst a misty, ethereal setting. Dreamlike and enchanting.",https://images.pexels.com/photos/3830057/pexels-photo-3830057.jpeg?auto=compress&cs=tinysrgb&dpr=2&h=650&w=940,D:\Work\Workspace\Projects\Python\data-driven-surface\data\raw\images\img_0145.jpg,True,True,223.53097915649414,18.980602264404297,3.7314605712890625
img_0146,pexels,5004234,6016,4000,Vika Glitter,Young dreamy woman in elegant dress and with flower in hair holding small ship model looking away in evening garden,https://images.pexels.com/photos/5004234/pexels-photo-5004234.jpeg?auto=compress&cs=tinysrgb&dpr=2&h=650&w=940,D:\Work\Workspace\Projects\Python\data-driven-surface\data\raw\images\img_0146.jpg,True,True,82.89512252807617,64.3730583190918,22.359580993652344
img_0147,pexels,20895759,3694,4618,Munis Asadov,"Woman in art studio painting on canvases, surrounded by artistic decor.",https://images.pexels.com/photos/20895759/pexels-photo-20895759.jpeg?auto=compress&cs=tinysrgb&dpr=2&h=650&w=940,D:\Work\Workspace\Projects\Python\data-driven-surface\data\raw\images\img_0147.jpg,True,True,120.77710723876953,108.17744445800781,21.482162475585938
img_0148,pexels,10643964,2160,2700,Mo Eid,A surreal lone pine tree on a misty island with rippling water under a starry night sky.,https://images.pexels.com/photos/10643964/pexels-photo-10643964.jpeg?auto=compress&cs=tinysrgb&dpr=2&h=650&w=940,D:\Work\Workspace\Projects\Python\data-driven-surface\data\raw\images\img_0148.jpg,True,True,52.842689514160156,135.9842529296875,15.47739028930664
img_0149,pexels,27650933,6240,4160,Alina Matveycheva,"Flat lay of books with white hydrangea blooms, creating a serene and artistic composition.",https://images.pexels.com/photos/27650933/pexels-photo-27650933.jpeg?auto=compress&cs=tinysrgb&dpr=2&h=650&w=940,D:\Work\Workspace\Projects\Python\data-driven-surface\data\raw\images\img_0149.jpg,True,True,145.77520751953125,70.6330337524414,20.34015655517578
img_0150,pexels,34979443,3278,4920,Tanha Tamanna  Syed,"An artistic workspace featuring paint palettes, brushes, and creative artwork in a vibrant setup.",https://images.pexels.com/photos/34979443/pexels-photo-34979443.jpeg?auto=compress&cs=tinysrgb&dpr=2&h=650&w=940,D:\Work\Workspace\Projects\Python\data-driven-surface\data\raw\images\img_0150.jpg,True,True,104.14495468139648,108.16872024536133,33.12692642211914
img_0151,pexels,30851785,3632,5456,Valentyna Ivanova,"A serene workspace with open sketchbook, pencils, and brushes. Perfect for artistic inspiration and creativity.",https://images.pexels.com/photos/30851785/pexels-photo-30851785.jpeg?auto=compress&cs=tinysrgb&dpr=2&h=650&w=940,D:\Work\Workspace\Projects\Python\data-driven-surface\data\raw\images\img_0151.jpg,True,True,89.0704116821289,60.33881378173828,7.6224517822265625
img_0152,pexels,165808,4096,2732,Snapwire,A breathtaking view of a tropical island coastline with vibrant sunset colors over the ocean and sandy beach.,https://images.pexels.com/photos/165808/pexels-photo-165808.jpeg?auto=compress&cs=tinysrgb&dpr=2&h=650&w=940,D:\Work\Workspace\Projects\Python\data-driven-surface\data\raw\images\img_0152.jpg,True,True,171.46934509277344,87.64324569702148,12.296504974365234
img_0153,pexels,35597590,4000,6000,Berna,"Person sketching with markers and pens on a table, showcasing creativity and art tools.",https://images.pexels.com/photos/35597590/pexels-photo-35597590.jpeg?auto=compress&cs=tinysrgb&dpr=2&h=650&w=940,D:\Work\Workspace\Projects\Python\data-driven-surface\data\raw\images\img_0153.jpg,True,True,139.36059951782227,88.23512649536133,15.81298828125
img_0154,pexels,14535318,4000,6000,Alina Vilchenko,Whimsical still life featuring a blue bottle and decorative elements on a vibrant background.,https://images.pexels.com/photos/14535318/pexels-photo-14535318.jpeg?auto=compress&cs=tinysrgb&dpr=2&h=650&w=940,D:\Work\Workspace\Projects\Python\data-driven-surface\data\raw\images\img_0154.jpg,True,True,123.13496017456055,97.5986442565918,28.563766479492188
img_0155,pexels,36170712,5391,7189,bahar 𓆰,"Creative flat lay with artistic elements, dried orange slice, and rope on lace fabric.",https://images.pexels.com/photos/36170712/pexels-photo-36170712.jpeg?auto=compress&cs=tinysrgb&dpr=2&h=650&w=940,D:\Work\Workspace\Projects\Python\data-driven-surface\data\raw\images\img_0155.jpg,True,True,169.8560791015625,42.98480224609375,67.83845901489258
img_0156,pexels,30535496,4000,5000,Israyosoy S.,Vibrant Alice in Wonderland themed cosplay featuring colorful characters in a whimsical setting.,https://images.pexels.com/photos/30535496/pexels-photo-30535496.jpeg?auto=compress&cs=tinysrgb&dpr=2&h=650&w=940,D:\Work\Workspace\Projects\Python\data-driven-surface\data\raw\images\img_0156.jpg,True,True,118.09344100952148,172.39282989501953,47.03041076660156
img_0157,pexels,30512679,6000,4000,Israyosoy S.,Detailed artistic cosplay of the Mad Hatter with vibrant colors and props.,https://images.pexels.com/photos/30512679/pexels-photo-30512679.jpeg?auto=compress&cs=tinysrgb&dpr=2&h=650&w=940,D:\Work\Workspace\Projects\Python\data-driven-surface\data\raw\images\img_0157.jpg,True,True,92.80321884155273,200.87768173217773,29.223289489746094
img_0158,pexels,35597542,4000,6000,Berna,"Close-up of hands drawing in a journal using colorful markers, showcasing creative artistry.",https://images.pexels.com/photos/35597542/pexels-photo-35597542.jpeg?auto=compress&cs=tinysrgb&dpr=2&h=650&w=940,D:\Work\Workspace\Projects\Python\data-driven-surface\data\raw\images\img_0158.jpg,True,True,141.29354858398438,93.7717056274414,11.209945678710938
img_0159,pexels,25626510,4096,4096,Google DeepMind,"Dynamic abstract artwork featuring vibrant swirling colors and textures, creating a sense of motion.",https://images.pexels.com/photos/25626510/pexels-photo-25626510.jpeg?auto=compress&cs=tinysrgb&dpr=2&h=650&w=940,D:\Work\Workspace\Projects\Python\data-driven-surface\data\raw\images\img_0159.jpg,True,True,172.97512817382812,183.94092178344727,17.38300323486328
img_0160,pexels,17225782,4160,6240,Criativa Pix Fotografia,Young woman in Mad Hatter costume from Alice in Wonderland outdoors.,https://images.pexels.com/photos/17225782/pexels-photo-17225782.jpeg?auto=compress&cs=tinysrgb&dpr=2&h=650&w=940,D:\Work\Workspace\Projects\Python\data-driven-surface\data\raw\images\img_0160.jpg,True,True,117.34225082397461,76.31798934936523,28.547229766845703
img_0161,pexels,4161866,3648,4560,Francesco Sgura,A mesmerizing scene of a shipwreck at a tranquil beach during a vibrant sunset with scattered clouds and birds flying above.,https://images.pexels.com/photos/4161866/pexels-photo-4161866.jpeg?auto=compress&cs=tinysrgb&dpr=2&h=650&w=940,D:\Work\Workspace\Projects\Python\data-driven-surface\data\raw\images\img_0161.jpg,True,True,88.99264526367188,76.21830749511719,6.506710052490234
img_0162,pexels,31196444,4160,6240,🇻🇳🇻🇳 Việt Anh Nguyễn 🇻🇳🇻🇳,Mystical outdoor scene with vintage chairs and lush greenery.,https://images.pexels.com/photos/31196444/pexels-photo-31196444.jpeg?auto=compress&cs=tinysrgb&dpr=2&h=650&w=940,D:\Work\Workspace\Projects\Python\data-driven-surface\data\raw\images\img_0162.jpg,True,True,142.29586791992188,55.56406021118164,50.3367805480957
img_0163,pexels,30784232,2296,4080,Artinuriel,A charming artist studio featuring a watercolor painting setup by a Christmas tree.,https://images.pexels.com/photos/30784232/pexels-photo-30784232.jpeg?auto=compress&cs=tinysrgb&dpr=2&h=650&w=940,D:\Work\Workspace\Projects\Python\data-driven-surface\data\raw\images\img_0163.jpg,True,True,106.75616836547852,66.09803009033203,27.67467498779297
img_0164,pexels,31479750,4160,6240,Gülümser Çiçek,Open sketchbook on table featuring three scenic watercolor landscapes by plants.,https://images.pexels.com/photos/31479750/pexels-photo-31479750.jpeg?auto=compress&cs=tinysrgb&dpr=2&h=650&w=940,D:\Work\Workspace\Projects\Python\data-driven-surface\data\raw\images\img_0164.jpg,True,True,101.03849411010742,120.19163513183594,18.315868377685547
img_0165,pexels,5544699,5253,6128,Antonio Friedemann,"A woman in a white blouse gazes thoughtfully, surrounded by dense foliage in an outdoor setting.",https://images.pexels.com/photos/5544699/pexels-photo-5544699.jpeg?auto=compress&cs=tinysrgb&dpr=2&h=650&w=940,D:\Work\Workspace\Projects\Python\data-driven-surface\data\raw\images\img_0165.jpg,True,True,67.51289749145508,139.08356475830078,24.472389221191406
img_0166,pexels,6876582,6000,4000,Quang Nguyen Vinh,A misty morning in an old town square featuring a sculpture and stone architecture.,https://images.pexels.com/photos/6876582/pexels-photo-6876582.jpeg?auto=compress&cs=tinysrgb&dpr=2&h=650&w=940,D:\Work\Workspace\Projects\Python\data-driven-surface\data\raw\images\img_0166.jpg,True,True,116.76856994628906,40.491432189941406,16.788654327392578
img_0167,pexels,207130,4400,2600,Pixabay,A dreamlike mountain landscape illuminated by a full moon under a cloudy night sky.,https://images.pexels.com/photos/207130/pexels-photo-207130.jpeg?auto=compress&cs=tinysrgb&dpr=2&h=650&w=940,D:\Work\Workspace\Projects\Python\data-driven-surface\data\raw\images\img_0167.jpg,True,True,95.65519332885742,168.39651107788086,7.191524505615234
img_0168,pexels,17884488,5544,3697,ömer aliko,Wooden watchtower standing in a rustic field under a clear summer sky.,https://images.pexels.com/photos/17884488/pexels-photo-17884488.jpeg?auto=compress&cs=tinysrgb&dpr=2&h=650&w=940,D:\Work\Workspace\Projects\Python\data-driven-surface\data\raw\images\img_0168.jpg,True,True,122.7889289855957,88.70333099365234,10.429801940917969
img_0169,pexels,35774649,5973,3714,Maive & Nahuel Fotografía,"Silhouette of a woman in a field as birds fly across the sunrise, creating a serene and contemplative scene.",https://images.pexels.com/photos/35774649/pexels-photo-35774649.jpeg?auto=compress&cs=tinysrgb&dpr=2&h=650&w=940,D:\Work\Workspace\Projects\Python\data-driven-surface\data\raw\images\img_0169.jpg,True,True,82.17515563964844,69.5219497680664,12.487163543701172
img_0170,pexels,27255642,2624,3936,Pedro Dias,"A woman in a white gown sits on a log in a mystical forest, holding a glowing lantern.",https://images.pexels.com/photos/27255642/pexels-photo-27255642.jpeg?auto=compress&cs=tinysrgb&dpr=2&h=650&w=940,D:\Work\Workspace\Projects\Python\data-driven-surface\data\raw\images\img_0170.jpg,True,True,39.27617263793945,153.81497192382812,16.92483901977539
img_0171,pexels,5870329,5184,3456,Tohid Hashemkhani,"A winding dirt road curves through lush green fields with a lone tree, capturing a serene countryside scene.",https://images.pexels.com/photos/5870329/pexels-photo-5870329.jpeg?auto=compress&cs=tinysrgb&dpr=2&h=650&w=940,D:\Work\Workspace\Projects\Python\data-driven-surface\data\raw\images\img_0171.jpg,True,True,103.5617904663086,181.24597930908203,39.5947265625
img_0172,pexels,16448905,3024,4032,Erdem Çolakoğlu,"A beautifully lit window on a rustic house wall in Nevşehir, Türkiye, captured at night.",https://images.pexels.com/photos/16448905/pexels-photo-16448905.jpeg?auto=compress&cs=tinysrgb&dpr=2&h=650&w=940,D:\Work\Workspace\Projects\Python\data-driven-surface\data\raw\images\img_0172.jpg,True,True,75.7090950012207,134.89809036254883,27.926616668701172
img_0173,pexels,33715724,3749,5624,Marlon Alves,"A young woman in a vintage dress reads in a sunlit garden, surrounded by greenery.",https://images.pexels.com/photos/33715724/pexels-photo-33715724.jpeg?auto=compress&cs=tinysrgb&dpr=2&h=650&w=940,D:\Work\Workspace\Projects\Python\data-driven-surface\data\raw\images\img_0173.jpg,True,True,112.44404983520508,126.69632339477539,54.98067855834961
img_0174,pexels,35479371,1957,3480,Bilal Gültekin,"Charming red cottage nestled in a lush forest, offering a whimsical escape.",https://images.pexels.com/photos/35479371/pexels-photo-35479371.jpeg?auto=compress&cs=tinysrgb&dpr=2&h=650&w=940,D:\Work\Workspace\Projects\Python\data-driven-surface\data\raw\images\img_0174.jpg,True,True,119.5452880859375,107.94296264648438,83.8275146484375
img_0175,pexels,10722323,4438,2958,Nothing Ahead,Enchanting castle with red-roofed towers against a cloudy blue sky.,https://images.pexels.com/photos/10722323/pexels-photo-10722323.jpeg?auto=compress&cs=tinysrgb&dpr=2&h=650&w=940,D:\Work\Workspace\Projects\Python\data-driven-surface\data\raw\images\img_0175.jpg,True,True,143.93669509887695,38.928382873535156,26.023921966552734
img_0176,pexels,8220298,5184,3456,Ana Souza,"Tattooed artist paints vibrant landscape on easel outdoors, capturing nature's beauty.",https://images.pexels.com/photos/8220298/pexels-photo-8220298.jpeg?auto=compress&cs=tinysrgb&dpr=2&h=650&w=940,D:\Work\Workspace\Projects\Python\data-driven-surface\data\raw\images\img_0176.jpg,True,True,121.22565460205078,144.28342056274414,18.687458038330078
img_0177,pexels,955793,4272,4814,Sarah Trummer,"A surreal image of a house riding on a snail, blending architecture and nature in a whimsical scene.",https://images.pexels.com/photos/955793/pexels-photo-955793.jpeg?auto=compress&cs=tinysrgb&dpr=2&h=650&w=940,D:\Work\Workspace\Projects\Python\data-driven-surface\data\raw\images\img_0177.jpg,True,True,166.82585906982422,69.37062072753906,28.07058334350586
img_0178,pexels,6037723,5731,3821,cottonbro studio,A dimly lit vintage living room featuring cozy furniture and candlelight ambiance.,https://images.pexels.com/photos/6037723/pexels-photo-6037723.jpeg?auto=compress&cs=tinysrgb&dpr=2&h=650&w=940,D:\Work\Workspace\Projects\Python\data-driven-surface\data\raw\images\img_0178.jpg,True,True,60.25067901611328,63.79741668701172,13.265361785888672
img_0179,pexels,25311324,8192,5464,Travis Rupert,An artistic capture of pink bubbles creating a dreamy abstract effect. Ideal for backgrounds or creative design projects.,https://images.pexels.com/photos/25311324/pexels-photo-25311324.jpeg?auto=compress&cs=tinysrgb&dpr=2&h=650&w=940,D:\Work\Workspace\Projects\Python\data-driven-surface\data\raw\images\img_0179.jpg,True,True,246.0732421875,82.23642349243164,2.217864990234375
img_0180,pexels,37182148,2728,2728,R Preston,Whimsical fairy figurine with floral dress sitting on a mushroom in a vibrant garden.,https://images.pexels.com/photos/37182148/pexels-photo-37182148.jpeg?auto=compress&cs=tinysrgb&dpr=2&h=650&w=940,D:\Work\Workspace\Projects\Python\data-driven-surface\data\raw\images\img_0180.jpg,True,True,158.0025520324707,150.44044494628906,44.25321578979492
img_0181,pexels,25230779,2916,5184,Steve A Johnson,"Vibrant abstract depiction of a textured gradient, perfect for modern artistic designs and backgrounds.",https://images.pexels.com/photos/25230779/pexels-photo-25230779.jpeg?auto=compress&cs=tinysrgb&dpr=2&h=650&w=940,D:\Work\Workspace\Projects\Python\data-driven-surface\data\raw\images\img_0181.jpg,True,True,155.0661735534668,59.965057373046875,5.378322601318359
img_0182,pexels,4916826,5253,6128,Antonio Friedemann,Enchanting portrait of a woman surrounded by lush greenery exuding elegance and beauty.,https://images.pexels.com/photos/4916826/pexels-photo-4916826.jpeg?auto=compress&cs=tinysrgb&dpr=2&h=650&w=940,D:\Work\Workspace\Projects\Python\data-driven-surface\data\raw\images\img_0182.jpg,True,True,63.410797119140625,107.29988861083984,23.393611907958984
img_0183,pexels,31971829,4000,5410,Kari Alfonso,"Atmospheric still life featuring a violin, books, and candles against a rustic brick wall.",https://images.pexels.com/photos/31971829/pexels-photo-31971829.jpeg?auto=compress&cs=tinysrgb&dpr=2&h=650&w=940,D:\Work\Workspace\Projects\Python\data-driven-surface\data\raw\images\img_0183.jpg,True,True,61.52071762084961,146.31653594970703,26.513214111328125
img_0184,pexels,30548802,4763,3175,Sedanur Kunuk,"Charming art workspace with floral decor, brushes, and vintage elements.",https://images.pexels.com/photos/30548802/pexels-photo-30548802.jpeg?auto=compress&cs=tinysrgb&dpr=2&h=650&w=940,D:\Work\Workspace\Projects\Python\data-driven-surface\data\raw\images\img_0184.jpg,True,True,166.29946517944336,100.79241180419922,35.32533645629883
img_0185,pexels,10539913,10000,10039,Fatih Doğrul,"A rustic abandoned cottage surrounded by trees in Kemalpaşa, İzmir.",https://images.pexels.com/photos/10539913/pexels-photo-10539913.jpeg?auto=compress&cs=tinysrgb&dpr=2&h=650&w=940,D:\Work\Workspace\Projects\Python\data-driven-surface\data\raw\images\img_0185.jpg,True,True,41.93029022216797,157.33727645874023,17.74486541748047
img_0186,pexels,36343603,5773,4330,Rastislav Durica,Abstract image of frost patterns creating an ethereal landscape on a window pane.,https://images.pexels.com/photos/36343603/pexels-photo-36343603.jpeg?auto=compress&cs=tinysrgb&dpr=2&h=650&w=940,D:\Work\Workspace\Projects\Python\data-driven-surface\data\raw\images\img_0186.jpg,True,True,92.98489761352539,70.95680618286133,10.080585479736328
img_0187,pexels,9742055,3024,4032,Beyza Erdem,Explore a vintage art and magazine collection on display highlighting retro and artistic themes.,https://images.pexels.com/photos/9742055/pexels-photo-9742055.jpeg?auto=compress&cs=tinysrgb&dpr=2&h=650&w=940,D:\Work\Workspace\Projects\Python\data-driven-surface\data\raw\images\img_0187.jpg,True,True,48.396690368652344,113.75552368164062,34.053955078125
img_0188,pexels,6684035,4095,2725,Bảo Huỳnh,"A woman wearing a conical hat walking through a desert, captured in black and white.",https://images.pexels.com/photos/6684035/pexels-photo-6684035.jpeg?auto=compress&cs=tinysrgb&dpr=2&h=650&w=940,D:\Work\Workspace\Projects\Python\data-driven-surface\data\raw\images\img_0188.jpg,True,True,169.41742324829102,0.0,1.2577629089355469
img_0189,pexels,33996373,4912,7360,Sóc Năng Động,A warm indoor scene featuring books and a rustic lantern on wooden stumps.,https://images.pexels.com/photos/33996373/pexels-photo-33996373.jpeg?auto=compress&cs=tinysrgb&dpr=2&h=650&w=940,D:\Work\Workspace\Projects\Python\data-driven-surface\data\raw\images\img_0189.jpg,True,True,42.104339599609375,141.06595611572266,9.358806610107422
img_0190,pexels,23859368,8064,4608,Steve A Johnson,Dynamic abstract artwork featuring vibrant colors and fluid shapes.,https://images.pexels.com/photos/23859368/pexels-photo-23859368.jpeg?auto=compress&cs=tinysrgb&dpr=2&h=650&w=940,D:\Work\Workspace\Projects\Python\data-driven-surface\data\raw\images\img_0190.jpg,True,True,167.45531845092773,173.0731964111328,10.995941162109375
img_0191,pexels,13312405,6000,6000,Steve A Johnson,Dynamic abstract acrylic artwork with bold colors and geometric shapes.,https://images.pexels.com/photos/13312405/pexels-photo-13312405.jpeg?auto=compress&cs=tinysrgb&dpr=2&h=650&w=940,D:\Work\Workspace\Projects\Python\data-driven-surface\data\raw\images\img_0191.jpg,True,True,89.80569076538086,174.2802619934082,15.192375183105469
img_0192,pexels,30535498,4000,5333,Israyosoy S.,Intricate Alice in Wonderland cosplay with vivid colors and artistic makeup.,https://images.pexels.com/photos/30535498/pexels-photo-30535498.jpeg?auto=compress&cs=tinysrgb&dpr=2&h=650&w=940,D:\Work\Workspace\Projects\Python\data-driven-surface\data\raw\images\img_0192.jpg,True,True,95.21971893310547,173.34724044799805,36.53154373168945
img_0193,pexels,31466067,6240,4160,🇻🇳🇻🇳 Việt Anh Nguyễn 🇻🇳🇻🇳,Charming castle with turrets and pastel colors against a coastal city skyline.,https://images.pexels.com/photos/31466067/pexels-photo-31466067.jpeg?auto=compress&cs=tinysrgb&dpr=2&h=650&w=940,D:\Work\Workspace\Projects\Python\data-driven-surface\data\raw\images\img_0193.jpg,True,True,136.57094192504883,91.66215515136719,29.686317443847656
img_0194,pexels,13842629,5464,3640,Ba Uoc Phung,"Stunning aerial view of a castle at sunset in Ba Na Hills, showcasing scenic Vietnam.",https://images.pexels.com/photos/13842629/pexels-photo-13842629.jpeg?auto=compress&cs=tinysrgb&dpr=2&h=650&w=940,D:\Work\Workspace\Projects\Python\data-driven-surface\data\raw\images\img_0194.jpg,True,True,114.55138397216797,84.57382202148438,14.077606201171875
img_0195,pexels,35597616,6000,4000,Berna,"A vibrant sketchbook art session featuring colorful pencils, markers, and creative doodling.",https://images.pexels.com/photos/35597616/pexels-photo-35597616.jpeg?auto=compress&cs=tinysrgb&dpr=2&h=650&w=940,D:\Work\Workspace\Projects\Python\data-driven-surface\data\raw\images\img_0195.jpg,True,True,127.67668533325195,101.00120544433594,24.730167388916016
img_0196,pexels,33915241,3135,4702,KAWENY DENYELE,"A thoughtful woman with glasses reads in a cozy café, surrounded by plants.",https://images.pexels.com/photos/33915241/pexels-photo-33915241.jpeg?auto=compress&cs=tinysrgb&dpr=2&h=650&w=940,D:\Work\Workspace\Projects\Python\data-driven-surface\data\raw\images\img_0196.jpg,True,True,94.00468826293945,164.1856689453125,16.282825469970703
img_0197,pexels,1146708,5068,2850,Johannes Plenio,An enchanting countryside view with fields and a pathway under a vibrant sunset sky.,https://images.pexels.com/photos/1146708/pexels-photo-1146708.jpeg?auto=compress&cs=tinysrgb&dpr=2&h=650&w=940,D:\Work\Workspace\Projects\Python\data-driven-surface\data\raw\images\img_0197.jpg,True,True,106.76727294921875,191.57183837890625,9.904518127441406
img_0198,pexels,140954,6000,4000,Scott Webb,"A lone person stands on a grassy hill against a clear blue sky, evoking a sense of solitude.",https://images.pexels.com/photos/140954/pexels-photo-140954.jpeg?auto=compress&cs=tinysrgb&dpr=2&h=650&w=940,D:\Work\Workspace\Projects\Python\data-driven-surface\data\raw\images\img_0198.jpg,True,True,175.8973503112793,99.13733673095703,0.5282020568847656
img_0199,pexels,4661279,3755,5633,cottonbro studio,"An elderly woman turns pages of a landscape art book at home, exploring detailed illustrations.",https://images.pexels.com/photos/4661279/pexels-photo-4661279.jpeg?auto=compress&cs=tinysrgb&dpr=2&h=650&w=940,D:\Work\Workspace\Projects\Python\data-driven-surface\data\raw\images\img_0199.jpg,True,True,140.21421432495117,47.08475875854492,9.781951904296875
img_0200,pexels,23489870,5376,6912,Steve A Johnson,Vibrant abstract watercolor painting with autumn hues and textured brushstrokes.,https://images.pexels.com/photos/23489870/pexels-photo-23489870.jpeg?auto=compress&cs=tinysrgb&dpr=2&h=650&w=940,D:\Work\Workspace\Projects\Python\data-driven-surface\data\raw\images\img_0200.jpg,True,True,158.35347366333008,168.79996490478516,4.65362548828125
img_0201,pexels,24414786,6021,4014,Grant Larcom,Rustic hobbit-style cottage with wooden door surrounded by lush greenery and ivy.,https://images.pexels.com/photos/24414786/pexels-photo-24414786.jpeg?auto=compress&cs=tinysrgb&dpr=2&h=650&w=940,D:\Work\Workspace\Projects\Python\data-driven-surface\data\raw\images\img_0201.jpg,True,True,78.68526458740234,122.57281112670898,18.703022003173828
img_0202,pexels,35774645,5946,3571,Maive & Nahuel Fotografía,"A woman in a vintage dress reads a book in a sunlit forest, creating a serene and dreamy atmosphere.",https://images.pexels.com/photos/35774645/pexels-photo-35774645.jpeg?auto=compress&cs=tinysrgb&dpr=2&h=650&w=940,D:\Work\Workspace\Projects\Python\data-driven-surface\data\raw\images\img_0202.jpg,True,True,74.34225463867188,105.70611572265625,24.211692810058594
img_0203,pexels,7421631,4314,3235,Steve A Johnson,Colorful abstract expressionist painting with vibrant hues and dynamic forms.,https://images.pexels.com/photos/7421631/pexels-photo-7421631.jpeg?auto=compress&cs=tinysrgb&dpr=2&h=650&w=940,D:\Work\Workspace\Projects\Python\data-driven-surface\data\raw\images\img_0203.jpg,True,True,153.49131393432617,119.48974609375,31.91974639892578
img_0204,pexels,25037123,2624,3936,aju.bee,Illustration of woman in black swimsuit surrounded by vibrant flowers on a tablet screen.,https://images.pexels.com/photos/25037123/pexels-photo-25037123.jpeg?auto=compress&cs=tinysrgb&dpr=2&h=650&w=940,D:\Work\Workspace\Projects\Python\data-driven-surface\data\raw\images\img_0204.jpg,True,True,80.29975509643555,66.65157699584961,11.287765502929688
img_0205,pexels,15052338,4160,6240,Nina zeynep güler 🦕 zz,"Woman with curly hair sits outdoors holding a framed photo, evoking a sense of nostalgia.",https://images.pexels.com/photos/15052338/pexels-photo-15052338.jpeg?auto=compress&cs=tinysrgb&dpr=2&h=650&w=940,D:\Work\Workspace\Projects\Python\data-driven-surface\data\raw\images\img_0205.jpg,True,True,100.4662094116211,70.91828536987305,17.643699645996094
img_0206,pexels,8559314,6000,3376,Dmitry Demidov,Eerie forest figure with antlered costume sitting by a tranquil lake in autumn.,https://images.pexels.com/photos/8559314/pexels-photo-8559314.jpeg?auto=compress&cs=tinysrgb&dpr=2&h=650&w=940,D:\Work\Workspace\Projects\Python\data-driven-surface\data\raw\images\img_0206.jpg,True,True,94.48665618896484,80.75823974609375,20.583343505859375
img_0207,pexels,8052702,6000,8000,hello aesthe,A whimsical Alice in Wonderland-inspired tea setup with decorative elements and a cup of tea.,https://images.pexels.com/photos/8052702/pexels-photo-8052702.jpeg?auto=compress&cs=tinysrgb&dpr=2&h=650&w=940,D:\Work\Workspace\Projects\Python\data-driven-surface\data\raw\images\img_0207.jpg,True,True,127.6167984008789,76.59695053100586,52.209320068359375
img_0208,pexels,17225774,4050,6075,Criativa Pix Fotografia,A woman in a Mad Hatter costume at a fantasy tea party with a mystical cat.,https://images.pexels.com/photos/17225774/pexels-photo-17225774.jpeg?auto=compress&cs=tinysrgb&dpr=2&h=650&w=940,D:\Work\Workspace\Projects\Python\data-driven-surface\data\raw\images\img_0208.jpg,True,True,118.16223526000977,66.17044830322266,27.976226806640625
img_0209,pexels,11732722,4692,5866,Banabila,Artistic portrait of an individual with twigs and face paint submerged in water.,https://images.pexels.com/photos/11732722/pexels-photo-11732722.jpeg?auto=compress&cs=tinysrgb&dpr=2&h=650&w=940,D:\Work\Workspace\Projects\Python\data-driven-surface\data\raw\images\img_0209.jpg,True,True,53.97077941894531,199.90515518188477,6.173057556152344
img_0210,pexels,35768413,3996,5994,Esmanur Güler,"An artistic setup featuring a tablet displaying art, book, and candle on a cozy bed setting.",https://images.pexels.com/photos/35768413/pexels-photo-35768413.jpeg?auto=compress&cs=tinysrgb&dpr=2&h=650&w=940,D:\Work\Workspace\Projects\Python\data-driven-surface\data\raw\images\img_0210.jpg,True,True,120.9489860534668,108.05593872070312,14.843158721923828
img_0211,pexels,20205729,2304,3456,feyza ebrar,A mirror on grass reflects two leafless trees under a serene sky.,https://images.pexels.com/photos/20205729/pexels-photo-20205729.jpeg?auto=compress&cs=tinysrgb&dpr=2&h=650&w=940,D:\Work\Workspace\Projects\Python\data-driven-surface\data\raw\images\img_0211.jpg,True,True,98.2838134765625,80.89471817016602,6.228504180908203
img_0212,pexels,23842100,5502,3667,Wolrider YURTSEVEN,Brunette woman with long braids standing by a peaceful river in nature.,https://images.pexels.com/photos/23842100/pexels-photo-23842100.jpeg?auto=compress&cs=tinysrgb&dpr=2&h=650&w=940,D:\Work\Workspace\Projects\Python\data-driven-surface\data\raw\images\img_0212.jpg,True,True,127.03125381469727,97.71706771850586,37.49553680419922
img_0213,pexels,18625385,3456,2304,Luna Joie,"A person in cosplay with a painted body and flowing veil stands outdoors, embracing an artistic vision.",https://images.pexels.com/photos/18625385/pexels-photo-18625385.jpeg?auto=compress&cs=tinysrgb&dpr=2&h=650&w=940,D:\Work\Workspace\Projects\Python\data-driven-surface\data\raw\images\img_0213.jpg,True,True,184.4404182434082,47.88018035888672,12.183666229248047
img_0214,pexels,6625366,3456,5184,Angelina Lobanova,"A woman standing outdoors holding a book, surrounded by lush greenery on a sunny day.",https://images.pexels.com/photos/6625366/pexels-photo-6625366.jpeg?auto=compress&cs=tinysrgb&dpr=2&h=650&w=940,D:\Work\Workspace\Projects\Python\data-driven-surface\data\raw\images\img_0214.jpg,True,True,139.4022560119629,120.48760604858398,10.270271301269531
img_0215,pexels,17225769,3866,5798,Criativa Pix Fotografia,"A vibrant Mad Hatter cosplay with colorful makeup, a green coat, and the Cheshire Cat in the background.",https://images.pexels.com/photos/17225769/pexels-photo-17225769.jpeg?auto=compress&cs=tinysrgb&dpr=2&h=650&w=940,D:\Work\Workspace\Projects\Python\data-driven-surface\data\raw\images\img_0215.jpg,True,True,83.34174346923828,64.58135223388672,23.324546813964844
img_0216,pexels,11961892,6016,4016,Daniil Ustinov,"A vibrant winter night scene with a starry sky, colorful snow, and bright moonlight.",https://images.pexels.com/photos/11961892/pexels-photo-11961892.jpeg?auto=compress&cs=tinysrgb&dpr=2&h=650&w=940,D:\Work\Workspace\Projects\Python\data-driven-surface\data\raw\images\img_0216.jpg,True,True,205.9789810180664,115.51130294799805,1.4571762084960938
img_0217,pexels,11008482,5696,3840,Fariborz MP,Enlightening scene of a cloaked figure with staff in a mysterious forest surrounded by red ferns.,https://images.pexels.com/photos/11008482/pexels-photo-11008482.jpeg?auto=compress&cs=tinysrgb&dpr=2&h=650&w=940,D:\Work\Workspace\Projects\Python\data-driven-surface\data\raw\images\img_0217.jpg,True,True,62.67665100097656,159.1359977722168,15.91512680053711
img_0218,pexels,16564307,4912,7360,Josue Velasquez,A thoughtful woman in a lace dress sits beside a vibrant red suitcase amidst a forest backdrop.,https://images.pexels.com/photos/16564307/pexels-photo-16564307.jpeg?auto=compress&cs=tinysrgb&dpr=2&h=650&w=940,D:\Work\Workspace\Projects\Python\data-driven-surface\data\raw\images\img_0218.jpg,True,True,95.87408065795898,109.0765495300293,24.404296875
img_0219,pexels,16280265,2738,1825,Hubert Kołucki,"A serene moment as a woman in a white dress touches a tree along a path in Palermo, Sicily.",https://images.pexels.com/photos/16280265/pexels-photo-16280265.jpeg?auto=compress&cs=tinysrgb&dpr=2&h=650&w=940,D:\Work\Workspace\Projects\Python\data-driven-surface\data\raw\images\img_0219.jpg,True,True,116.85201263427734,139.29791641235352,58.26953887939453
img_0220,pexels,13707990,3024,4032,iilushk0,Cozy rustic dining room featuring vintage decor bathed in warm sunlight through a window.,https://images.pexels.com/photos/13707990/pexels-photo-13707990.jpeg?auto=compress&cs=tinysrgb&dpr=2&h=650&w=940,D:\Work\Workspace\Projects\Python\data-driven-surface\data\raw\images\img_0220.jpg,True,True,80.25615692138672,205.98730850219727,17.510433197021484
img_0221,pexels,30283351,3000,2000,César O'neill,Person outdoors holding a mirror in a surreal landscape with cliffs and trees.,https://images.pexels.com/photos/30283351/pexels-photo-30283351.jpeg?auto=compress&cs=tinysrgb&dpr=2&h=650&w=940,D:\Work\Workspace\Projects\Python\data-driven-surface\data\raw\images\img_0221.jpg,True,True,129.47991561889648,81.17949295043945,14.992961883544922
img_0222,pexels,20001578,2266,4029,Aykut Koyuncu,A young girl in a white dress standing alone in a dark forest. Eerie atmosphere.,https://images.pexels.com/photos/20001578/pexels-photo-20001578.jpeg?auto=compress&cs=tinysrgb&dpr=2&h=650&w=940,D:\Work\Workspace\Projects\Python\data-driven-surface\data\raw\images\img_0222.jpg,True,True,28.660991668701172,88.65876388549805,2.6945114135742188
img_0223,pexels,34754820,6192,4128,Leila Chen,Vibrant garden with whimsical floral animal sculptures and colorful house facades.,https://images.pexels.com/photos/34754820/pexels-photo-34754820.jpeg?auto=compress&cs=tinysrgb&dpr=2&h=650&w=940,D:\Work\Workspace\Projects\Python\data-driven-surface\data\raw\images\img_0223.jpg,True,True,117.48418807983398,143.16495513916016,71.38898849487305
img_0224,pexels,34306709,3921,4541,Büşra  Akkaya,"A serene creative setup featuring calligraphy and candlelight, exuding a warm, cozy atmosphere.",https://images.pexels.com/photos/34306709/pexels-photo-34306709.jpeg?auto=compress&cs=tinysrgb&dpr=2&h=650&w=940,D:\Work\Workspace\Projects\Python\data-driven-surface\data\raw\images\img_0224.jpg,True,True,80.69971466064453,75.56005096435547,14.439468383789062
img_0225,pexels,20414340,3024,4032,Sıla Deniz Göktaş,A woman in a sundress reads a book amid tall trees in a serene Istanbul forest.,https://images.pexels.com/photos/20414340/pexels-photo-20414340.jpeg?auto=compress&cs=tinysrgb&dpr=2&h=650&w=940,D:\Work\Workspace\Projects\Python\data-driven-surface\data\raw\images\img_0225.jpg,True,True,59.21662139892578,27.16119384765625,38.92742156982422
img_0226,pexels,4431640,3456,5184,Amaan Ali,"An open book lies on the forest floor against tree roots, capturing a serene outdoor scene.",https://images.pexels.com/photos/4431640/pexels-photo-4431640.jpeg?auto=compress&cs=tinysrgb&dpr=2&h=650&w=940,D:\Work\Workspace\Projects\Python\data-driven-surface\data\raw\images\img_0226.jpg,True,True,45.8093376159668,46.42839431762695,23.51034164428711
img_0227,pexels,26563067,2624,3936,aju.bee,"A tablet showcasing digital art of a woman's portrait with lush leaves, adding an artistic flair.",https://images.pexels.com/photos/26563067/pexels-photo-26563067.jpeg?auto=compress&cs=tinysrgb&dpr=2&h=650&w=940,D:\Work\Workspace\Projects\Python\data-driven-surface\data\raw\images\img_0227.jpg,True,True,67.47583770751953,72.10422897338867,10.731353759765625
img_0228,pexels,30621163,5632,4160,Emanuel Pedro,Captured mystical ambiance with a woman in cosplay in a magical forest setting.,https://images.pexels.com/photos/30621163/pexels-photo-30621163.jpeg?auto=compress&cs=tinysrgb&dpr=2&h=650&w=940,D:\Work\Workspace\Projects\Python\data-driven-surface\data\raw\images\img_0228.jpg,True,True,64.48920822143555,131.46872329711914,52.825069427490234
img_0229,pexels,34674474,5184,3456,Jeffry Surianto,"A vibrant, fairy tale castle with red and blue spires under a bright blue sky.",https://images.pexels.com/photos/34674474/pexels-photo-34674474.jpeg?auto=compress&cs=tinysrgb&dpr=2&h=650&w=940,D:\Work\Workspace\Projects\Python\data-driven-surface\data\raw\images\img_0229.jpg,True,True,217.52771759033203,87.6540412902832,15.100936889648438
img_0230,pexels,29815588,2296,2870,Jimmy Elizarraras,A fantasy-themed bride with blue makeup sits on outdoor stone steps in a dramatic scene.,https://images.pexels.com/photos/29815588/pexels-photo-29815588.jpeg?auto=compress&cs=tinysrgb&dpr=2&h=650&w=940,D:\Work\Workspace\Projects\Python\data-driven-surface\data\raw\images\img_0230.jpg,True,True,102.88998794555664,99.56383514404297,36.65313720703125
